id,date,rank
0,2000-09-23,78
0,2000-09-30,63
0,2000-10-07,49
0,2000-10-14,33
0,2000-10-21,23
0,2000-10-28,15
0,2000-11-04,7
0,2000-11-11,5
0,2000-11-18,1
0,2000-11-25,1
0,2000-12-02,1
0,2000-12-09,1
0,2000-12-16,1
0,2000-12-23,1
0,2000-12-30,1
0,2001-01-06,1
0,2001-01-13,1
0,2001-01-20,1
0,2001-01-27,1
0,2001-02-03,2
0,2001-02-10,3
0,2001-02-17,7
0,2001-02-24,10
0,2001-03-03,12
0,2001-03-10,15
0,2001-03-17,22
0,2001-03-24,29
0,2001-03-31,31
1,2000-02-12,15
1,2000-02-19,8
1,2000-02-26,6
1,2000-03-04,5
1,2000-03-11,2
1,2000-03-18,3
1,2000-03-25,2
1,2000-04-01,2
1,2000-04-08,1
1,2000-04-15,1
1,2000-04-22,1
1,2000-04-29,1
1,2000-05-06,1
1,2000-05-13,1
1,2000-05-20,1
1,2000-05-27,1
1,2000-06-03,1
1,2000-06-10,1
1,2000-06-17,8
1,2000-06-24,15
1,2000-07-01,19
1,2000-07-08,21
1,2000-07-15,26
1,2000-07-22,36
1,2000-07-29,48
1,2000-08-05,47
2,1999-10-23,71
2,1999-10-30,48
2,1999-11-06,43
2,1999-11-13,31
2,1999-11-20,20
2,1999-11-27,13
2,1999-12-04,7
2,1999-12-11,6
2,1999-12-18,4
2,1999-12-25,4
2,2000-01-01,4
2,2000-01-08,6
2,2000-01-15,4
2,2000-01-22,2
2,2000-01-29,1
2,2000-02-05,1
2,2000-02-12,1
2,2000-02-19,2
2,2000-02-26,1
2,2000-03-04,2
2,2000-03-11,4
2,2000-03-18,8
2,2000-03-25,8
2,2000-04-01,12
2,2000-04-08,14
2,2000-04-15,17
2,2000-04-22,21
2,2000-04-29,24
2,2000-05-06,30
2,2000-05-13,34
2,2000-05-20,37
2,2000-05-27,46
2,2000-06-03,47
3,2000-08-12,41
3,2000-08-19,23
3,2000-08-26,18
3,2000-09-02,14
3,2000-09-09,2
3,2000-09-16,1
3,2000-09-23,1
3,2000-09-30,1
3,2000-10-07,1
3,2000-10-14,2
3,2000-10-21,2
3,2000-10-28,2
3,2000-11-04,2
3,2000-11-11,2
3,2000-11-18,4
3,2000-11-25,8
3,2000-12-02,11
3,2000-12-09,16
3,2000-12-16,20
3,2000-12-23,25
3,2000-12-30,27
3,2001-01-06,27
3,2001-01-13,29
3,2001-01-20,44
4,2000-08-05,57
4,2000-08-12,47
4,2000-08-19,45
4,2000-08-26,29
4,2000-09-02,23
4,2000-09-09,18
4,2000-09-16,11
4,2000-09-23,9
4,2000-09-30,9
4,2000-10-07,11
4,2000-10-14,1
4,2000-10-21,1
4,2000-10-28,1
4,2000-11-04,1
4,2000-11-11,4
4,2000-11-18,8
4,2000-11-25,12
4,2000-12-02,22
4,2000-12-09,23
4,2000-12-16,43
4,2000-12-23,44
5,2000-06-17,59
5,2000-06-24,52
5,2000-07-01,43
5,2000-07-08,30
5,2000-07-15,29
5,2000-07-22,22
5,2000-07-29,15
5,2000-08-05,10
5,2000-08-12,10
5,2000-08-19,5
5,2000-08-26,1
5,2000-09-02,1
5,2000-09-09,1
5,2000-09-16,2
5,2000-09-23,2
5,2000-09-30,3
5,2000-10-07,3
5,2000-10-14,7
5,2000-10-21,8
5,2000-10-28,20
5,2000-11-04,25
5,2000-11-11,37
5,2000-11-18,40
5,2000-11-25,41
6,1999-12-25,83
6,2000-01-01,83
6,2000-01-08,44
6,2000-01-15,38
6,2000-01-22,16
6,2000-01-29,13
6,2000-02-05,16
6,2000-02-12,16
6,2000-02-19,16
6,2000-02-26,18
6,2000-03-04,17
6,2000-03-11,14
6,2000-03-18,1
6,2000-03-25,1
6,2000-04-01,1
6,2000-04-08,2
6,2000-04-15,2
6,2000-04-22,3
6,2000-04-29,5
6,2000-05-06,5
6,2000-05-13,5
6,2000-05-20,7
6,2000-05-27,10
6,2000-06-03,13
6,2000-06-10,14
6,2000-06-17,18
6,2000-06-24,23
6,2000-07-01,23
6,2000-07-08,34
6,2000-07-15,37
6,2000-07-22,43
6,2000-07-29,47
7,2000-04-01,63
7,2000-04-08,45
7,2000-04-15,34
7,2000-04-22,23
7,2000-04-29,17
7,2000-05-06,12
7,2000-05-13,9
7,2000-05-20,8
7,2000-05-27,8
7,2000-06-03,6
7,2000-06-10,5
7,2000-06-17,4
7,2000-06-24,1
7,2000-07-01,1
7,2000-07-08,1
7,2000-07-15,3
7,2000-07-22,11
7,2000-07-29,14
7,2000-08-05,24
7,2000-08-12,28
8,2000-06-24,77
8,2000-07-01,66
8,2000-07-08,61
8,2000-07-15,61
8,2000-07-22,61
8,2000-07-29,55
8,2000-08-05,2
8,2000-08-12,1
8,2000-08-19,1
8,2000-08-26,2
8,2000-09-02,2
8,2000-09-09,4
8,2000-09-16,5
8,2000-09-23,5
8,2000-09-30,7
8,2000-10-07,8
8,2000-10-14,10
8,2000-10-21,10
8,2000-10-28,9
8,2000-11-04,14
8,2000-11-11,17
8,2000-11-18,20
8,2000-11-25,25
8,2000-12-02,31
8,2000-12-09,32
8,2000-12-16,46
9,1999-06-05,81
9,1999-06-12,54
9,1999-06-19,44
9,1999-06-26,39
9,1999-07-03,38
9,1999-07-10,33
9,1999-07-17,29
9,1999-07-24,29
9,1999-07-31,32
9,1999-08-07,27
9,1999-08-14,26
9,1999-08-21,24
9,1999-08-28,27
9,1999-09-04,32
9,1999-09-11,33
9,1999-09-18,35
9,1999-09-25,35
9,1999-10-02,40
9,1999-10-09,43
9,1999-10-16,50
9,1999-12-25,45
9,2000-01-01,45
9,2000-01-08,45
9,2000-01-15,23
9,2000-01-22,17
9,2000-01-29,14
9,2000-02-05,17
9,2000-02-12,18
9,2000-02-19,18
9,2000-02-26,3
9,2000-03-04,1
9,2000-03-11,1
9,2000-03-18,2
9,2000-03-25,3
9,2000-04-01,4
9,2000-04-08,4
9,2000-04-15,5
9,2000-04-22,6
9,2000-04-29,8
9,2000-05-06,9
9,2000-05-13,10
9,2000-05-20,12
9,2000-05-27,15
9,2000-06-03,20
9,2000-06-10,22
9,2000-06-17,22
9,2000-06-24,25
9,2000-07-01,26
9,2000-07-08,31
9,2000-07-15,32
9,2000-07-22,37
9,2000-07-29,42
9,2000-08-05,42
9,2000-08-12,45
9,2000-08-19,50
10,2000-05-06,82
10,2000-05-13,70
10,2000-05-20,51
10,2000-05-27,39
10,2000-06-03,26
10,2000-06-10,19
10,2000-06-17,15
10,2000-06-24,9
10,2000-07-01,7
10,2000-07-08,7
10,2000-07-15,5
10,2000-07-22,4
10,2000-07-29,1
10,2000-08-05,1
10,2000-08-12,3
10,2000-08-19,4
10,2000-08-26,6
10,2000-09-02,10
10,2000-09-09,13
10,2000-09-16,15
10,2000-09-23,18
10,2000-09-30,23
10,2000-10-07,28
10,2000-10-14,38
10,2000-10-21,48
11,1999-11-27,71
11,1999-12-04,51
11,1999-12-11,28
11,1999-12-18,18
11,1999-12-25,13
11,2000-01-01,13
11,2000-01-08,11
11,2000-01-15,1
11,2000-01-22,1
11,2000-01-29,2
11,2000-02-05,2
11,2000-02-12,3
11,2000-02-19,3
11,2000-02-26,4
11,2000-03-04,12
11,2000-03-11,11
11,2000-03-18,13
11,2000-03-25,15
11,2000-04-01,18
11,2000-04-08,20
11,2000-04-15,30
11,2000-04-22,40
11,2000-04-29,39
11,2000-05-06,44
12,2000-01-22,70
12,2000-01-29,61
12,2000-02-05,53
12,2000-02-12,46
12,2000-02-19,40
12,2000-02-26,33
12,2000-03-04,31
12,2000-03-11,26
12,2000-03-18,22
12,2000-03-25,19
12,2000-04-01,17
12,2000-04-08,15
12,2000-04-15,13
12,2000-04-22,9
12,2000-04-29,9
12,2000-05-06,8
12,2000-05-13,8
12,2000-05-20,6
12,2000-05-27,7
12,2000-06-03,7
12,2000-06-10,8
12,2000-06-17,3
12,2000-06-24,3
12,2000-07-01,6
12,2000-07-08,6
12,2000-07-15,1
12,2000-07-22,2
12,2000-07-29,3
12,2000-08-05,4
12,2000-08-12,7
12,2000-08-19,9
12,2000-08-26,10
12,2000-09-02,18
12,2000-09-09,20
12,2000-09-16,27
12,2000-09-23,29
12,2000-09-30,36
12,2000-10-07,40
12,2000-10-14,50
12,2000-10-21,47
12,2000-10-28,50
13,2000-05-13,84
13,2000-05-20,78
13,2000-05-27,76
13,2000-06-03,74
13,2000-06-10,70
13,2000-06-17,68
13,2000-06-24,74
13,2000-07-01,75
13,2000-07-08,69
13,2000-07-15,74
13,2000-07-22,70
13,2000-07-29,79
13,2000-08-05,84
13,2000-08-12,86
13,2000-08-19,76
13,2000-08-26,62
13,2000-09-02,45
13,2000-09-09,29
13,2000-09-16,19
13,2000-09-23,11
13,2000-09-30,10
13,2000-10-07,7
13,2000-10-14,5
13,2000-10-21,3
13,2000-10-28,3
13,2000-11-04,3
13,2000-11-11,1
13,2000-11-18,2
13,2000-11-25,2
13,2000-12-02,3
13,2000-12-09,3
13,2000-12-16,3
13,2000-12-23,4
13,2000-12-30,5
13,2001-01-06,5
13,2001-01-13,5
13,2001-01-20,5
13,2001-01-27,9
13,2001-02-03,12
13,2001-02-10,13
13,2001-02-17,13
13,2001-02-24,17
13,2001-03-03,22
13,2001-03-10,26
13,2001-03-17,28
13,2001-03-24,37
13,2001-03-31,41
14,2000-03-18,59
14,2000-03-25,53
14,2000-04-01,38
14,2000-04-08,28
14,2000-04-15,21
14,2000-04-22,18
14,2000-04-29,16
14,2000-05-06,14
14,2000-05-13,12
14,2000-05-20,10
14,2000-05-27,9
14,2000-06-03,8
14,2000-06-10,6
14,2000-06-17,1
14,2000-06-24,2
14,2000-07-01,2
14,2000-07-08,2
14,2000-07-15,2
14,2000-07-22,3
14,2000-07-29,4
14,2000-08-05,5
14,2000-08-12,5
14,2000-08-19,6
14,2000-08-26,9
14,2000-09-02,13
14,2000-09-09,14
14,2000-09-16,16
14,2000-09-23,23
14,2000-09-30,22
14,2000-10-07,33
14,2000-10-14,36
14,2000-10-21,43
15,2000-04-29,60
15,2000-05-06,37
15,2000-05-13,29
15,2000-05-20,24
15,2000-05-27,22
15,2000-06-03,21
15,2000-06-10,18
15,2000-06-17,16
15,2000-06-24,13
15,2000-07-01,12
15,2000-07-08,8
15,2000-07-15,6
15,2000-07-22,1
15,2000-07-29,2
15,2000-08-05,3
15,2000-08-12,2
15,2000-08-19,2
15,2000-08-26,3
15,2000-09-02,4
15,2000-09-09,5
15,2000-09-16,4
15,2000-09-23,4
15,2000-09-30,6
15,2000-10-07,9
15,2000-10-14,12
15,2000-10-21,13
15,2000-10-28,19
15,2000-11-04,20
15,2000-11-11,20
15,2000-11-18,24
15,2000-11-25,29
15,2000-12-02,28
15,2000-12-09,27
15,2000-12-16,30
15,2000-12-23,33
15,2000-12-30,37
15,2001-01-06,38
15,2001-01-13,38
15,2001-01-20,48
16,1999-12-11,82
16,1999-12-18,68
16,1999-12-25,50
16,2000-01-01,50
16,2000-01-08,41
16,2000-01-15,37
16,2000-01-22,26
16,2000-01-29,22
16,2000-02-05,22
16,2000-02-12,2
16,2000-02-19,1
16,2000-02-26,2
16,2000-03-04,4
16,2000-03-11,13
16,2000-03-18,21
16,2000-03-25,28
16,2000-04-01,43
16,2000-04-08,57
16,2000-04-15,82
16,2000-04-22,89
17,1999-11-06,81
17,1999-11-13,68
17,1999-11-20,62
17,1999-11-27,51
17,1999-12-04,42
17,1999-12-11,35
17,1999-12-18,28
17,1999-12-25,28
17,2000-01-01,28
17,2000-01-08,43
17,2000-01-15,30
17,2000-01-22,23
17,2000-01-29,23
17,2000-02-05,21
17,2000-02-12,21
17,2000-02-19,21
17,2000-02-26,5
17,2000-03-04,3
17,2000-03-11,3
17,2000-03-18,4
17,2000-03-25,4
17,2000-04-01,3
17,2000-04-08,3
17,2000-04-15,3
17,2000-04-22,2
17,2000-04-29,2
17,2000-05-06,3
17,2000-05-13,3
17,2000-05-20,2
17,2000-05-27,2
17,2000-06-03,3
17,2000-06-10,4
17,2000-06-17,2
17,2000-06-24,5
17,2000-07-01,8
17,2000-07-08,11
17,2000-07-15,13
17,2000-07-22,14
17,2000-07-29,18
17,2000-08-05,22
17,2000-08-12,23
17,2000-08-19,22
17,2000-08-26,24
17,2000-09-02,30
17,2000-09-09,31
17,2000-09-16,31
17,2000-09-23,38
17,2000-09-30,39
17,2000-10-07,42
17,2000-10-14,49
17,2000-10-21,49
17,2000-10-28,48
17,2000-11-04,47
18,2000-08-19,72
18,2000-08-26,57
18,2000-09-02,52
18,2000-09-09,47
18,2000-09-16,42
18,2000-09-23,31
18,2000-09-30,24
18,2000-10-07,18
18,2000-10-14,17
18,2000-10-21,17
18,2000-10-28,17
18,2000-11-04,10
18,2000-11-11,9
18,2000-11-18,9
18,2000-11-25,7
18,2000-12-02,2
18,2000-12-09,2
18,2000-12-16,2
18,2000-12-23,3
18,2000-12-30,4
18,2001-01-06,4
18,2001-01-13,4
18,2001-01-20,4
18,2001-01-27,8
18,2001-02-03,11
18,2001-02-10,15
18,2001-02-17,19
18,2001-02-24,24
18,2001-03-03,23
18,2001-03-10,35
19,2000-09-30,99
19,2000-10-07,92
19,2000-10-14,81
19,2000-10-21,59
19,2000-10-28,47
19,2000-11-04,42
19,2000-11-11,32
19,2000-11-18,27
19,2000-11-25,18
19,2000-12-02,18
19,2000-12-09,11
19,2000-12-16,8
19,2000-12-23,5
19,2000-12-30,2
19,2001-01-06,2
19,2001-01-13,3
19,2001-01-20,3
19,2001-01-27,3
19,2001-02-03,7
19,2001-02-10,9
19,2001-02-17,10
19,2001-02-24,11
19,2001-03-03,10
19,2001-03-10,19
19,2001-03-17,23
19,2001-03-24,28
19,2001-03-31,38
19,2001-04-07,46
20,2000-03-18,63
20,2000-03-25,55
20,2000-04-01,48
20,2000-04-08,39
20,2000-04-15,35
20,2000-04-22,24
20,2000-04-29,3
20,2000-05-06,2
20,2000-05-13,2
20,2000-05-20,4
20,2000-05-27,4
20,2000-06-03,5
20,2000-06-10,11
20,2000-06-17,12
20,2000-06-24,16
20,2000-07-01,15
20,2000-07-08,14
20,2000-07-15,14
20,2000-07-22,12
20,2000-07-29,10
20,2000-08-05,11
20,2000-08-12,13
20,2000-08-19,13
20,2000-08-26,13
20,2000-09-02,15
20,2000-09-09,16
20,2000-09-16,14
20,2000-09-23,13
20,2000-09-30,17
20,2000-10-07,19
20,2000-10-14,23
20,2000-10-21,29
20,2000-10-28,37
20,2000-11-04,33
20,2000-11-11,34
20,2000-11-18,41
20,2000-11-25,48
21,2000-02-26,77
21,2000-03-04,54
21,2000-03-11,50
21,2000-03-18,43
21,2000-03-25,30
21,2000-04-01,27
21,2000-04-08,21
21,2000-04-15,18
21,2000-04-22,15
21,2000-04-29,13
21,2000-05-06,13
21,2000-05-13,13
21,2000-05-20,13
21,2000-05-27,5
21,2000-06-03,2
21,2000-06-10,2
21,2000-06-17,5
21,2000-06-24,7
21,2000-07-01,9
21,2000-07-08,12
21,2000-07-15,12
21,2000-07-22,16
21,2000-07-29,20
21,2000-08-05,20
21,2000-08-12,22
21,2000-08-19,25
21,2000-08-26,26
21,2000-09-02,29
21,2000-09-09,35
21,2000-09-16,33
21,2000-09-23,40
21,2000-09-30,44
22,2000-08-19,51
22,2000-08-26,39
22,2000-09-02,34
22,2000-09-09,26
22,2000-09-16,26
22,2000-09-23,19
22,2000-09-30,2
22,2000-10-07,2
22,2000-10-14,3
22,2000-10-21,6
22,2000-10-28,7
22,2000-11-04,22
22,2000-11-11,29
22,2000-11-18,36
22,2000-11-25,47
22,2000-12-02,67
22,2000-12-09,66
22,2000-12-16,84
22,2000-12-23,93
22,2000-12-30,94
23,2000-05-13,74
23,2000-05-20,71
23,2000-05-27,65
23,2000-06-03,62
23,2000-06-10,57
23,2000-06-17,50
23,2000-06-24,40
23,2000-07-01,37
23,2000-07-08,22
23,2000-07-15,18
23,2000-07-22,13
23,2000-07-29,8
23,2000-08-05,6
23,2000-08-12,4
23,2000-08-19,3
23,2000-08-26,4
23,2000-09-02,3
23,2000-09-09,3
23,2000-09-16,3
23,2000-09-23,3
23,2000-09-30,4
23,2000-10-07,4
23,2000-10-14,6
23,2000-10-21,7
23,2000-10-28,6
23,2000-11-04,8
23,2000-11-11,10
23,2000-11-18,15
23,2000-11-25,24
23,2000-12-02,30
23,2000-12-09,35
23,2000-12-16,39
24,2000-04-08,81
24,2000-04-15,70
24,2000-04-22,68
24,2000-04-29,67
24,2000-05-06,66
24,2000-05-13,57
24,2000-05-20,54
24,2000-05-27,53
24,2000-06-03,51
24,2000-06-10,51
24,2000-06-17,51
24,2000-06-24,51
24,2000-07-01,47
24,2000-07-08,44
24,2000-07-15,38
24,2000-07-22,28
24,2000-07-29,22
24,2000-08-05,18
24,2000-08-12,18
24,2000-08-19,14
24,2000-08-26,12
24,2000-09-02,7
24,2000-09-09,6
24,2000-09-16,6
24,2000-09-23,6
24,2000-09-30,5
24,2000-10-07,5
24,2000-10-14,4
24,2000-10-21,4
24,2000-10-28,4
24,2000-11-04,4
24,2000-11-11,3
24,2000-11-18,3
24,2000-11-25,3
24,2000-12-02,4
24,2000-12-09,5
24,2000-12-16,5
24,2000-12-23,9
24,2000-12-30,9
24,2001-01-06,15
24,2001-01-13,14
24,2001-01-20,13
24,2001-01-27,14
24,2001-02-03,16
24,2001-02-10,17
24,2001-02-17,21
24,2001-02-24,22
24,2001-03-03,24
24,2001-03-10,28
24,2001-03-17,33
24,2001-03-24,42
24,2001-03-31,42
24,2001-04-07,49
25,2000-01-29,74
25,2000-02-05,63
25,2000-02-12,35
25,2000-02-19,26
25,2000-02-26,26
25,2000-03-04,23
25,2000-03-11,20
25,2000-03-18,16
25,2000-03-25,13
25,2000-04-01,10
25,2000-04-08,6
25,2000-04-15,6
25,2000-04-22,5
25,2000-04-29,4
25,2000-05-06,4
25,2000-05-13,4
25,2000-05-20,3
25,2000-05-27,3
25,2000-06-03,4
25,2000-06-10,3
25,2000-06-17,7
25,2000-06-24,8
25,2000-07-01,13
25,2000-07-08,17
25,2000-07-15,24
25,2000-07-22,31
25,2000-07-29,43
25,2000-08-05,46
26,2000-04-15,50
26,2000-04-22,39
26,2000-04-29,30
26,2000-05-06,28
26,2000-05-13,21
26,2000-05-20,19
26,2000-05-27,20
26,2000-06-03,17
26,2000-06-10,17
26,2000-06-17,17
26,2000-06-24,17
26,2000-07-01,3
26,2000-07-08,3
26,2000-07-15,7
26,2000-07-22,10
26,2000-07-29,17
26,2000-08-05,25
26,2000-08-12,29
26,2000-08-19,29
26,2000-08-26,40
26,2000-09-02,43
26,2000-09-09,50
27,1999-09-04,81
27,1999-09-11,68
27,1999-09-18,44
27,1999-09-25,16
27,1999-10-02,11
27,1999-10-09,9
27,1999-10-16,8
27,1999-10-23,7
27,1999-10-30,8
27,1999-11-06,7
27,1999-11-13,8
27,1999-11-20,8
27,1999-11-27,6
27,1999-12-04,6
27,1999-12-11,5
27,1999-12-18,5
27,1999-12-25,5
27,2000-01-01,5
27,2000-01-08,4
27,2000-01-15,6
27,2000-01-22,10
27,2000-01-29,10
27,2000-02-05,11
27,2000-02-12,20
27,2000-02-19,22
27,2000-02-26,27
27,2000-03-04,34
27,2000-03-11,49
28,2000-01-01,94
28,2000-01-08,86
28,2000-01-15,69
28,2000-01-22,50
28,2000-01-29,41
28,2000-02-05,33
28,2000-02-12,32
28,2000-02-19,28
28,2000-02-26,28
28,2000-03-04,27
28,2000-03-11,27
28,2000-03-18,25
28,2000-03-25,23
28,2000-04-01,20
28,2000-04-08,17
28,2000-04-15,15
28,2000-04-22,14
28,2000-04-29,11
28,2000-05-06,11
28,2000-05-13,14
28,2000-05-20,11
28,2000-05-27,11
28,2000-06-03,10
28,2000-06-10,12
28,2000-06-17,10
28,2000-06-24,6
28,2000-07-01,4
28,2000-07-08,5
28,2000-07-15,4
28,2000-07-22,5
28,2000-07-29,5
28,2000-08-05,7
28,2000-08-12,6
28,2000-08-19,8
28,2000-08-26,5
28,2000-09-02,6
28,2000-09-09,9
28,2000-09-16,9
28,2000-09-23,8
28,2000-09-30,14
28,2000-10-07,16
28,2000-10-14,20
28,2000-10-21,32
28,2000-10-28,45
29,1999-10-23,92
29,1999-10-30,80
29,1999-11-06,72
29,1999-11-13,69
29,1999-11-20,67
29,1999-11-27,61
29,1999-12-04,54
29,1999-12-11,43
29,1999-12-18,38
29,1999-12-25,24
29,2000-01-01,24
29,2000-01-08,20
29,2000-01-15,19
29,2000-01-22,15
29,2000-01-29,15
29,2000-02-05,5
29,2000-02-12,4
29,2000-02-19,4
29,2000-02-26,7
29,2000-03-04,10
29,2000-03-11,5
29,2000-03-18,9
29,2000-03-25,9
29,2000-04-01,7
29,2000-04-08,9
29,2000-04-15,10
29,2000-04-22,10
29,2000-04-29,15
29,2000-05-06,18
29,2000-05-13,23
29,2000-05-20,30
29,2000-05-27,42
30,2000-01-29,42
30,2000-02-05,20
30,2000-02-12,19
30,2000-02-19,14
30,2000-02-26,13
30,2000-03-04,7
30,2000-03-11,6
30,2000-03-18,5
30,2000-03-25,5
30,2000-04-01,5
30,2000-04-08,5
30,2000-04-15,4
30,2000-04-22,4
30,2000-04-29,6
30,2000-05-06,6
30,2000-05-13,7
30,2000-05-20,9
30,2000-05-27,12
30,2000-06-03,18
30,2000-06-10,20
30,2000-06-17,27
30,2000-06-24,34
30,2000-07-01,40
31,2000-05-06,70
31,2000-05-13,32
31,2000-05-20,20
31,2000-05-27,16
31,2000-06-03,11
31,2000-06-10,7
31,2000-06-17,6
31,2000-06-24,4
31,2000-07-01,5
31,2000-07-08,4
31,2000-07-15,8
31,2000-07-22,9
31,2000-07-29,16
31,2000-08-05,30
31,2000-08-12,49
31,2000-08-19,68
31,2000-08-26,83
31,2000-09-02,88
31,2000-09-09,98
32,2000-08-12,85
32,2000-08-19,70
32,2000-08-26,52
32,2000-09-02,36
32,2000-09-09,27
32,2000-09-16,21
32,2000-09-23,15
32,2000-09-30,13
32,2000-10-07,12
32,2000-10-14,8
32,2000-10-21,5
32,2000-10-28,5
32,2000-11-04,5
32,2000-11-11,6
32,2000-11-18,5
32,2000-11-25,4
32,2000-12-02,6
32,2000-12-09,8
32,2000-12-16,11
32,2000-12-23,14
32,2000-12-30,14
32,2001-01-06,16
32,2001-01-13,18
32,2001-01-20,21
32,2001-01-27,26
32,2001-02-03,39
32,2001-02-10,46
33,2000-09-09,85
33,2000-09-16,72
33,2000-09-23,65
33,2000-09-30,49
33,2000-10-07,39
33,2000-10-14,25
33,2000-10-21,20
33,2000-10-28,10
33,2000-11-04,9
33,2000-11-11,8
33,2000-11-18,6
33,2000-11-25,5
33,2000-12-02,7
33,2000-12-09,4
33,2000-12-16,6
33,2000-12-23,7
33,2000-12-30,13
33,2001-01-06,17
33,2001-01-13,17
33,2001-01-20,23
33,2001-01-27,29
33,2001-02-03,36
34,1999-10-23,73
34,1999-10-30,63
34,1999-11-06,50
34,1999-11-13,42
34,1999-11-20,24
34,1999-11-27,19
34,1999-12-04,17
34,1999-12-11,14
34,1999-12-18,11
34,1999-12-25,9
34,2000-01-01,9
34,2000-01-08,9
34,2000-01-15,10
34,2000-01-22,5
34,2000-01-29,5
34,2000-02-05,6
34,2000-02-12,8
34,2000-02-19,9
34,2000-02-26,15
34,2000-03-04,15
34,2000-03-11,18
34,2000-03-18,17
34,2000-03-25,18
34,2000-04-01,19
34,2000-04-08,19
34,2000-04-15,22
34,2000-04-22,26
34,2000-04-29,32
34,2000-05-06,42
35,1999-11-27,36
35,1999-12-04,21
35,1999-12-11,13
35,1999-12-18,9
35,1999-12-25,7
35,2000-01-01,7
35,2000-01-08,5
35,2000-01-15,7
35,2000-01-22,7
35,2000-01-29,7
35,2000-02-05,8
35,2000-02-12,11
35,2000-02-19,7
35,2000-02-26,10
35,2000-03-04,11
35,2000-03-11,12
35,2000-03-18,15
35,2000-03-25,17
35,2000-04-01,23
35,2000-04-08,30
35,2000-04-15,38
36,2000-02-19,68
36,2000-02-26,51
36,2000-03-04,47
36,2000-03-11,36
36,2000-03-18,30
36,2000-03-25,20
36,2000-04-01,15
36,2000-04-08,12
36,2000-04-15,8
36,2000-04-22,7
36,2000-04-29,7
36,2000-05-06,7
36,2000-05-13,6
36,2000-05-20,5
36,2000-05-27,6
36,2000-06-03,9
36,2000-06-10,10
36,2000-06-17,11
36,2000-06-24,14
36,2000-07-01,16
36,2000-07-08,16
36,2000-07-15,16
36,2000-07-22,21
36,2000-07-29,27
36,2000-08-05,34
36,2000-08-12,40
36,2000-08-19,46
37,2000-09-30,68
37,2000-10-07,31
37,2000-10-14,19
37,2000-10-21,15
37,2000-10-28,11
37,2000-11-04,6
37,2000-11-11,7
37,2000-11-18,7
37,2000-11-25,6
37,2000-12-02,5
37,2000-12-09,6
37,2000-12-16,7
37,2000-12-23,10
37,2000-12-30,12
37,2001-01-06,11
37,2001-01-13,9
37,2001-01-20,11
37,2001-01-27,12
37,2001-02-03,20
37,2001-02-10,22
37,2001-02-17,26
37,2001-02-24,30
37,2001-03-03,30
37,2001-03-10,39
37,2001-03-17,41
37,2001-03-24,49
38,2000-07-01,76
38,2000-07-08,38
38,2000-07-15,19
38,2000-07-22,17
38,2000-07-29,12
38,2000-08-05,15
38,2000-08-12,12
38,2000-08-19,10
38,2000-08-26,7
38,2000-09-02,5
38,2000-09-09,8
38,2000-09-16,8
38,2000-09-23,10
38,2000-09-30,12
38,2000-10-07,14
38,2000-10-14,15
38,2000-10-21,19
38,2000-10-28,23
38,2000-11-04,21
38,2000-11-11,18
38,2000-11-18,19
38,2000-11-25,22
38,2000-12-02,23
38,2000-12-09,24
38,2000-12-16,33
38,2000-12-23,38
39,2000-01-01,74
39,2000-01-08,62
39,2000-01-15,55
39,2000-01-22,25
39,2000-01-29,16
39,2000-02-05,14
39,2000-02-12,12
39,2000-02-19,10
39,2000-02-26,12
39,2000-03-04,9
39,2000-03-11,7
39,2000-03-18,6
39,2000-03-25,6
39,2000-04-01,6
39,2000-04-08,8
39,2000-04-15,9
39,2000-04-22,13
39,2000-04-29,19
39,2000-05-06,23
39,2000-05-13,26
39,2000-05-20,32
39,2000-05-27,34
39,2000-06-03,45
39,2000-06-10,47
40,2000-05-06,85
40,2000-05-13,71
40,2000-05-20,59
40,2000-05-27,52
40,2000-06-03,39
40,2000-06-10,34
40,2000-06-17,26
40,2000-06-24,20
40,2000-07-01,17
40,2000-07-08,13
40,2000-07-15,11
40,2000-07-22,6
40,2000-07-29,6
40,2000-08-05,8
40,2000-08-12,8
40,2000-08-19,7
40,2000-08-26,8
40,2000-09-02,9
40,2000-09-09,11
40,2000-09-16,12
40,2000-09-23,14
40,2000-09-30,18
40,2000-10-07,26
40,2000-10-14,30
40,2000-10-21,36
40,2000-10-28,41
40,2000-11-04,48
41,1999-11-13,74
41,1999-11-20,68
41,1999-11-27,65
41,1999-12-04,49
41,1999-12-11,44
41,1999-12-18,34
41,1999-12-25,30
41,2000-01-01,30
41,2000-01-08,17
41,2000-01-15,14
41,2000-01-22,11
41,2000-01-29,8
41,2000-02-05,9
41,2000-02-12,10
41,2000-02-19,11
41,2000-02-26,11
41,2000-03-04,6
41,2000-03-11,8
41,2000-03-18,7
41,2000-03-25,7
41,2000-04-01,9
41,2000-04-08,10
41,2000-04-15,14
41,2000-04-22,16
41,2000-04-29,26
41,2000-05-06,31
41,2000-05-13,35
41,2000-05-20,42
42,1999-12-04,89
42,1999-12-11,76
42,1999-12-18,69
42,1999-12-25,59
42,2000-01-01,59
42,2000-01-08,51
42,2000-01-15,50
42,2000-01-22,35
42,2000-01-29,26
42,2000-02-05,15
42,2000-02-12,7
42,2000-02-19,6
42,2000-02-26,8
42,2000-03-04,8
42,2000-03-11,9
42,2000-03-18,11
42,2000-03-25,14
42,2000-04-01,16
42,2000-04-08,18
42,2000-04-15,23
42,2000-04-22,33
42,2000-04-29,41
42,2000-05-06,43
43,1999-12-11,67
43,1999-12-18,29
43,1999-12-25,16
43,2000-01-01,16
43,2000-01-08,13
43,2000-01-15,11
43,2000-01-22,9
43,2000-01-29,6
43,2000-02-05,7
43,2000-02-12,9
43,2000-02-19,13
43,2000-02-26,19
43,2000-03-04,21
43,2000-03-11,24
43,2000-03-18,32
43,2000-03-25,42
43,2000-04-01,56
43,2000-04-08,60
43,2000-04-15,76
43,2000-04-22,88
44,2000-08-19,67
44,2000-08-26,53
44,2000-09-02,42
44,2000-09-09,41
44,2000-09-16,48
44,2000-09-23,42
44,2000-09-30,34
44,2000-10-07,6
44,2000-10-14,9
44,2000-10-21,9
44,2000-10-28,8
44,2000-11-04,11
44,2000-11-11,15
44,2000-11-18,21
44,2000-11-25,26
44,2000-12-02,29
44,2000-12-09,26
44,2000-12-16,38
44,2000-12-23,56
44,2000-12-30,66
45,2000-03-04,25
45,2000-03-11,15
45,2000-03-18,12
45,2000-03-25,11
45,2000-04-01,11
45,2000-04-08,7
45,2000-04-15,7
45,2000-04-22,12
45,2000-04-29,14
45,2000-05-06,15
45,2000-05-13,15
45,2000-05-20,17
45,2000-05-27,19
45,2000-06-03,16
45,2000-06-10,15
45,2000-06-17,14
45,2000-06-24,12
45,2000-07-01,10
45,2000-07-08,10
45,2000-07-15,10
45,2000-07-22,8
45,2000-07-29,9
45,2000-08-05,12
45,2000-08-12,16
45,2000-08-19,20
45,2000-08-26,22
45,2000-09-02,33
45,2000-09-09,39
45,2000-09-16,39
45,2000-09-23,41
45,2000-09-30,46
45,2000-10-07,44
46,1999-09-11,81
46,1999-09-18,77
46,1999-09-25,73
46,1999-10-02,63
46,1999-10-09,61
46,1999-10-16,58
46,1999-10-23,56
46,1999-10-30,52
46,1999-11-06,56
46,1999-11-13,57
46,1999-11-20,57
46,1999-11-27,57
46,1999-12-04,57
46,1999-12-11,57
46,1999-12-18,60
46,1999-12-25,61
46,2000-01-01,61
46,2000-01-08,57
46,2000-01-15,60
46,2000-01-22,61
46,2000-03-25,43
46,2000-04-01,41
46,2000-04-08,34
46,2000-04-15,28
46,2000-04-22,25
46,2000-04-29,23
46,2000-05-06,22
46,2000-05-13,16
46,2000-05-20,16
46,2000-05-27,18
46,2000-06-03,14
46,2000-06-10,13
46,2000-06-17,13
46,2000-06-24,11
46,2000-07-01,11
46,2000-07-08,9
46,2000-07-15,9
46,2000-07-22,7
46,2000-07-29,7
46,2000-08-05,9
46,2000-08-12,9
46,2000-08-19,12
46,2000-08-26,14
46,2000-09-02,16
46,2000-09-09,17
46,2000-09-16,17
46,2000-09-23,21
46,2000-09-30,26
46,2000-10-07,29
46,2000-10-14,32
46,2000-10-21,39
46,2000-10-28,39
46,2000-11-04,43
46,2000-11-11,47
46,2000-11-18,50
46,2000-11-25,50
46,2000-12-02,49
47,2000-04-29,100
47,2000-05-06,99
47,2000-05-13,96
47,2000-05-20,76
47,2000-05-27,55
47,2000-06-03,37
47,2000-06-10,24
47,2000-06-17,24
47,2000-06-24,30
47,2000-07-01,36
47,2000-07-08,37
47,2000-07-15,30
47,2000-07-22,23
47,2000-07-29,21
47,2000-08-05,17
47,2000-08-12,17
47,2000-08-19,15
47,2000-08-26,11
47,2000-09-02,11
47,2000-09-09,10
47,2000-09-16,7
47,2000-09-23,7
47,2000-09-30,8
47,2000-10-07,10
47,2000-10-14,11
47,2000-10-21,12
47,2000-10-28,12
47,2000-11-04,17
47,2000-11-11,19
47,2000-11-18,23
47,2000-11-25,33
47,2000-12-02,37
47,2000-12-09,36
47,2000-12-16,49
48,2000-05-27,85
48,2000-06-03,61
48,2000-06-10,46
48,2000-06-17,40
48,2000-06-24,36
48,2000-07-01,31
48,2000-07-08,25
48,2000-07-15,22
48,2000-07-22,25
48,2000-07-29,24
48,2000-08-05,21
48,2000-08-12,20
48,2000-08-19,19
48,2000-08-26,19
48,2000-09-02,8
48,2000-09-09,7
48,2000-09-16,10
48,2000-09-23,12
48,2000-09-30,21
48,2000-10-07,25
48,2000-10-14,35
49,1999-12-25,89
49,2000-01-01,89
49,2000-01-08,7
49,2000-01-15,8
49,2000-01-22,66
50,2000-01-22,67
50,2000-01-29,52
50,2000-02-05,30
50,2000-02-12,23
50,2000-02-19,19
50,2000-02-26,17
50,2000-03-04,16
50,2000-03-11,16
50,2000-03-18,14
50,2000-03-25,12
50,2000-04-01,13
50,2000-04-08,13
50,2000-04-15,11
50,2000-04-22,8
50,2000-04-29,10
50,2000-05-06,10
50,2000-05-13,11
50,2000-05-20,14
50,2000-05-27,17
50,2000-06-03,19
50,2000-06-10,21
50,2000-06-17,31
50,2000-06-24,38
50,2000-07-01,49
51,2000-04-22,67
51,2000-04-29,38
51,2000-05-06,26
51,2000-05-13,19
51,2000-05-20,15
51,2000-05-27,13
51,2000-06-03,12
51,2000-06-10,9
51,2000-06-17,9
51,2000-06-24,10
51,2000-07-01,14
51,2000-07-08,15
51,2000-07-15,17
51,2000-07-22,24
51,2000-07-29,35
51,2000-08-05,49
51,2000-08-12,77
51,2000-08-19,85
51,2000-08-26,90
51,2000-09-02,96
52,2000-10-14,39
52,2000-10-21,25
52,2000-10-28,24
52,2000-11-04,15
52,2000-11-11,12
52,2000-11-18,12
52,2000-11-25,10
52,2000-12-02,9
52,2000-12-09,10
52,2000-12-16,12
52,2000-12-23,17
52,2000-12-30,19
52,2001-01-06,29
52,2001-01-13,26
52,2001-01-20,24
52,2001-01-27,31
52,2001-02-03,52
52,2001-02-10,63
52,2001-02-17,62
52,2001-02-24,70
53,2000-07-08,77
53,2000-07-15,69
53,2000-07-22,53
53,2000-07-29,37
53,2000-08-05,33
53,2000-08-12,25
53,2000-08-19,24
53,2000-08-26,23
53,2000-09-02,22
53,2000-09-09,25
53,2000-09-16,28
53,2000-09-23,25
53,2000-09-30,11
53,2000-10-07,13
53,2000-10-14,13
53,2000-10-21,11
53,2000-10-28,18
53,2000-11-04,28
53,2000-11-11,36
53,2000-11-18,39
53,2000-11-25,45
54,2000-09-16,85
54,2000-09-23,74
54,2000-09-30,61
54,2000-10-07,37
54,2000-10-14,27
54,2000-10-21,22
54,2000-10-28,22
54,2000-11-04,16
54,2000-11-11,14
54,2000-11-18,11
54,2000-11-25,11
54,2000-12-02,14
54,2000-12-09,17
54,2000-12-16,18
54,2000-12-23,18
54,2000-12-30,21
54,2001-01-06,30
54,2001-01-13,30
54,2001-01-20,42
54,2001-01-27,53
55,2000-05-27,77
55,2000-06-03,68
55,2000-06-10,67
55,2000-06-17,63
55,2000-06-24,59
55,2000-07-01,59
55,2000-07-08,59
55,2000-07-15,53
55,2000-07-22,51
55,2000-07-29,50
55,2000-08-05,13
55,2000-08-12,11
55,2000-08-19,11
55,2000-08-26,15
55,2000-09-02,12
55,2000-09-09,12
55,2000-09-16,13
55,2000-09-23,16
55,2000-09-30,19
55,2000-10-07,21
55,2000-10-14,21
55,2000-10-21,24
55,2000-10-28,25
55,2000-11-04,30
55,2000-11-11,41
56,1999-10-30,83
56,1999-11-06,59
56,1999-11-13,56
56,1999-11-20,46
56,1999-11-27,27
56,1999-12-04,23
56,1999-12-11,19
56,1999-12-18,16
56,1999-12-25,14
56,2000-01-01,14
56,2000-01-08,16
56,2000-01-15,15
56,2000-01-22,12
56,2000-01-29,11
56,2000-02-05,13
56,2000-02-12,17
56,2000-02-19,20
56,2000-02-26,23
56,2000-03-04,24
56,2000-03-11,25
56,2000-03-18,27
56,2000-03-25,31
56,2000-04-01,33
56,2000-04-08,35
56,2000-04-15,41
56,2000-04-22,48
57,2000-10-28,58
57,2000-11-04,45
57,2000-11-11,35
57,2000-11-18,26
57,2000-11-25,23
57,2000-12-02,19
57,2000-12-09,14
57,2000-12-16,14
57,2000-12-23,13
57,2000-12-30,11
57,2001-01-06,12
57,2001-01-13,12
57,2001-01-20,12
57,2001-01-27,15
57,2001-02-03,15
57,2001-02-10,19
57,2001-02-17,24
57,2001-02-24,28
57,2001-03-03,29
57,2001-03-10,30
57,2001-03-17,40
58,2000-05-06,77
58,2000-05-13,66
58,2000-05-20,55
58,2000-05-27,45
58,2000-06-03,38
58,2000-06-10,42
58,2000-06-17,33
58,2000-06-24,29
58,2000-07-01,28
58,2000-07-08,26
58,2000-07-15,23
58,2000-07-22,15
58,2000-07-29,11
58,2000-08-05,14
58,2000-08-12,14
58,2000-08-19,17
58,2000-08-26,20
58,2000-09-02,20
58,2000-09-09,21
58,2000-09-16,23
58,2000-09-23,24
58,2000-09-30,29
58,2000-10-07,36
58,2000-10-14,47
59,1999-11-27,91
59,1999-12-04,74
59,1999-12-11,64
59,1999-12-18,52
59,1999-12-25,38
59,2000-01-01,38
59,2000-01-08,34
59,2000-01-15,31
59,2000-01-22,21
59,2000-01-29,19
59,2000-02-05,12
59,2000-02-12,13
59,2000-02-19,15
59,2000-02-26,20
59,2000-03-04,19
59,2000-03-11,22
59,2000-03-18,23
59,2000-03-25,24
59,2000-04-01,31
59,2000-04-08,42
60,2000-10-07,38
60,2000-10-14,28
60,2000-10-21,21
60,2000-10-28,21
60,2000-11-04,18
60,2000-11-11,16
60,2000-11-18,13
60,2000-11-25,13
60,2000-12-02,12
60,2000-12-09,20
60,2000-12-16,22
60,2000-12-23,29
60,2000-12-30,43
60,2001-01-06,54
60,2001-01-13,55
60,2001-01-20,73
60,2001-01-27,92
60,2001-02-03,100
61,2000-08-12,97
61,2000-08-19,90
61,2000-08-26,65
61,2000-09-02,41
61,2000-09-09,34
61,2000-09-16,25
61,2000-09-23,22
61,2000-09-30,15
61,2000-10-07,15
61,2000-10-14,14
61,2000-10-21,14
61,2000-10-28,13
61,2000-11-04,13
61,2000-11-11,13
61,2000-11-18,17
61,2000-11-25,19
61,2000-12-02,24
61,2000-12-09,30
61,2000-12-16,42
61,2000-12-23,58
62,2000-04-29,99
62,2000-05-06,86
62,2000-05-13,60
62,2000-05-20,52
62,2000-05-27,38
62,2000-06-03,34
62,2000-06-10,28
62,2000-06-17,21
62,2000-06-24,18
62,2000-07-01,18
62,2000-07-08,19
62,2000-07-15,15
62,2000-07-22,18
62,2000-07-29,13
62,2000-08-05,16
62,2000-08-12,15
62,2000-08-19,16
62,2000-08-26,16
62,2000-09-02,17
62,2000-09-09,15
62,2000-09-16,18
62,2000-09-23,17
62,2000-09-30,16
62,2000-10-07,22
62,2000-10-14,24
62,2000-10-21,30
62,2000-10-28,36
62,2000-11-04,37
62,2000-11-11,42
62,2000-11-18,45
62,2000-11-25,49
63,2000-01-29,76
63,2000-02-05,59
63,2000-02-12,52
63,2000-02-19,52
63,2000-02-26,14
63,2000-03-04,14
63,2000-03-11,17
63,2000-03-18,24
63,2000-03-25,33
63,2000-04-01,35
63,2000-04-08,41
63,2000-04-15,45
63,2000-04-22,54
63,2000-04-29,64
63,2000-05-06,64
63,2000-05-13,81
63,2000-05-20,97
63,2000-05-27,92
63,2000-06-03,86
63,2000-06-10,90
64,2000-01-22,65
64,2000-01-29,32
64,2000-02-05,25
64,2000-02-12,24
64,2000-02-19,23
64,2000-02-26,22
64,2000-03-04,22
64,2000-03-11,21
64,2000-03-18,19
64,2000-03-25,16
64,2000-04-01,14
64,2000-04-08,16
64,2000-04-15,16
64,2000-04-22,17
64,2000-04-29,18
64,2000-05-06,21
64,2000-05-13,22
64,2000-05-20,25
64,2000-05-27,27
64,2000-06-03,33
64,2000-06-10,45
64,2000-06-17,46
65,2000-02-12,80
65,2000-02-19,72
65,2000-02-26,65
65,2000-03-04,52
65,2000-03-11,51
65,2000-03-18,49
65,2000-03-25,40
65,2000-04-01,37
65,2000-04-08,32
65,2000-04-15,29
65,2000-04-22,29
65,2000-04-29,29
65,2000-05-06,29
65,2000-05-13,24
65,2000-05-20,18
65,2000-05-27,14
65,2000-06-03,15
65,2000-06-10,16
65,2000-06-17,19
65,2000-06-24,22
65,2000-07-01,29
65,2000-07-08,45
66,2000-09-16,52
66,2000-09-23,32
66,2000-09-30,25
66,2000-10-07,17
66,2000-10-14,16
66,2000-10-21,16
66,2000-10-28,14
66,2000-11-04,19
66,2000-11-11,24
66,2000-11-18,33
66,2000-11-25,35
66,2000-12-02,43
66,2000-12-09,54
66,2000-12-16,61
66,2000-12-23,69
66,2000-12-30,75
66,2001-01-06,86
66,2001-01-13,81
66,2001-01-20,94
66,2001-01-27,99
67,2000-09-09,77
67,2000-09-16,76
67,2000-09-23,69
67,2000-09-30,45
67,2000-10-07,51
67,2000-10-14,37
67,2000-10-21,33
67,2000-10-28,29
67,2000-11-04,26
67,2000-11-11,25
67,2000-11-18,16
67,2000-11-25,15
67,2000-12-02,15
67,2000-12-09,19
67,2000-12-16,19
67,2000-12-23,20
67,2000-12-30,22
67,2001-01-06,20
67,2001-01-13,21
67,2001-01-20,34
67,2001-01-27,44
68,1999-12-11,54
68,1999-12-18,32
68,1999-12-25,17
68,2000-01-01,17
68,2000-01-08,15
68,2000-01-15,18
68,2000-01-22,18
68,2000-01-29,18
68,2000-02-05,18
68,2000-02-12,25
68,2000-02-19,24
68,2000-02-26,24
68,2000-03-04,26
68,2000-03-11,33
68,2000-03-18,44
68,2000-03-25,51
68,2000-04-01,53
68,2000-04-08,65
68,2000-04-15,69
68,2000-04-22,77
69,2000-04-15,57
69,2000-04-22,34
69,2000-04-29,25
69,2000-05-06,17
69,2000-05-13,17
69,2000-05-20,31
69,2000-05-27,36
69,2000-06-03,49
69,2000-06-10,53
69,2000-06-17,57
69,2000-06-24,64
69,2000-07-01,70
69,2000-07-08,75
69,2000-07-15,76
69,2000-07-22,78
69,2000-07-29,85
69,2000-08-05,92
69,2000-08-12,96
70,2000-05-13,98
70,2000-05-20,88
70,2000-05-27,72
70,2000-06-03,59
70,2000-06-10,55
70,2000-06-17,52
70,2000-06-24,45
70,2000-07-01,35
70,2000-07-08,24
70,2000-07-15,21
70,2000-07-22,19
70,2000-07-29,19
70,2000-08-05,19
70,2000-08-12,19
70,2000-08-19,18
70,2000-08-26,17
70,2000-09-02,19
70,2000-09-09,19
70,2000-09-16,24
70,2000-09-23,26
70,2000-09-30,30
70,2000-10-07,32
70,2000-10-14,42
70,2000-10-21,45
70,2000-10-28,42
70,2000-11-04,49
71,2000-04-22,69
71,2000-04-29,52
71,2000-05-06,39
71,2000-05-13,33
71,2000-05-20,28
71,2000-05-27,25
71,2000-06-03,25
71,2000-06-10,23
71,2000-06-17,20
71,2000-06-24,19
71,2000-07-01,21
71,2000-07-08,18
71,2000-07-15,20
71,2000-07-22,20
71,2000-07-29,26
71,2000-08-05,29
71,2000-08-12,35
71,2000-08-19,33
71,2000-08-26,41
71,2000-09-02,50
72,2000-02-19,63
72,2000-02-26,47
72,2000-03-04,46
72,2000-03-11,39
72,2000-03-18,35
72,2000-03-25,26
72,2000-04-01,26
72,2000-04-08,23
72,2000-04-15,19
72,2000-04-22,19
72,2000-04-29,21
72,2000-05-06,25
72,2000-05-13,25
72,2000-05-20,29
72,2000-05-27,32
72,2000-06-03,44
72,2000-06-10,52
72,2000-06-17,62
72,2000-06-24,69
72,2000-07-01,78
73,1999-10-16,80
73,1999-10-23,69
73,1999-10-30,68
73,1999-11-06,63
73,1999-11-13,60
73,1999-11-20,52
73,1999-11-27,42
73,1999-12-04,32
73,1999-12-11,30
73,1999-12-18,25
73,1999-12-25,22
73,2000-01-01,22
73,2000-01-08,26
73,2000-01-15,20
73,2000-01-22,19
73,2000-01-29,20
73,2000-02-05,26
73,2000-02-12,30
73,2000-02-19,35
73,2000-02-26,42
73,2000-03-04,50
74,2000-03-18,40
74,2000-03-25,29
74,2000-04-01,24
74,2000-04-08,24
74,2000-04-15,20
74,2000-04-22,20
74,2000-04-29,20
74,2000-05-06,19
74,2000-05-13,38
74,2000-05-20,61
74,2000-05-27,86
74,2000-06-03,88
74,2000-06-10,96
74,2000-06-17,96
74,2000-06-24,98
75,1999-12-18,46
75,1999-12-25,29
75,2000-01-01,19
75,2000-01-08,22
75,2000-01-15,36
75,2000-01-22,44
75,2000-01-29,58
75,2000-02-05,58
75,2000-02-12,68
75,2000-02-19,75
75,2000-02-26,94
76,2000-08-19,48
76,2000-08-26,35
76,2000-09-02,24
76,2000-09-09,24
76,2000-09-16,20
76,2000-09-23,20
76,2000-09-30,20
76,2000-10-07,20
76,2000-10-14,22
76,2000-10-21,27
76,2000-10-28,27
76,2000-11-04,36
76,2000-11-11,40
76,2000-11-18,53
76,2000-11-25,61
76,2000-12-02,69
76,2000-12-09,80
76,2000-12-16,90
76,2000-12-23,99
76,2001-01-13,100
77,2000-04-01,96
77,2000-04-08,82
77,2000-04-15,66
77,2000-04-22,55
77,2000-04-29,55
77,2000-05-06,46
77,2000-05-13,44
77,2000-05-20,44
77,2000-05-27,37
77,2000-06-03,35
77,2000-06-10,32
77,2000-06-17,25
77,2000-06-24,21
77,2000-07-01,20
77,2000-07-08,20
77,2000-07-15,25
77,2000-07-22,30
77,2000-07-29,33
77,2000-08-05,45
77,2000-08-12,56
78,1999-10-09,76
78,1999-10-16,67
78,1999-10-23,59
78,1999-10-30,54
78,1999-11-06,48
78,1999-11-13,45
78,1999-11-20,40
78,1999-11-27,32
78,1999-12-04,26
78,1999-12-11,24
78,1999-12-18,22
78,1999-12-25,21
78,2000-01-01,21
78,2000-01-08,24
78,2000-01-15,21
78,2000-01-22,20
78,2000-01-29,21
78,2000-02-05,24
78,2000-02-12,28
78,2000-02-19,30
78,2000-02-26,32
78,2000-03-04,37
78,2000-03-11,37
78,2000-03-18,42
78,2000-03-25,46
78,2000-04-01,50
78,2000-04-08,50
79,2000-03-25,75
79,2000-04-01,64
79,2000-04-08,48
79,2000-04-15,39
79,2000-04-22,32
79,2000-04-29,28
79,2000-05-06,24
79,2000-05-13,20
79,2000-05-20,22
79,2000-05-27,21
79,2000-06-03,22
79,2000-06-10,26
79,2000-06-17,23
79,2000-06-24,24
79,2000-07-01,27
79,2000-07-08,28
79,2000-07-15,42
79,2000-07-22,44
79,2000-07-29,52
79,2000-08-05,67
80,2000-04-22,22
80,2000-04-29,22
80,2000-05-06,20
80,2000-05-13,45
80,2000-05-20,87
80,2000-05-27,71
80,2000-06-03,95
81,2000-07-01,63
81,2000-07-08,52
81,2000-07-15,44
81,2000-07-22,29
81,2000-07-29,25
81,2000-08-05,23
81,2000-08-12,21
81,2000-08-19,21
81,2000-08-26,21
81,2000-09-02,27
81,2000-09-09,38
81,2000-09-16,38
81,2000-09-23,57
81,2000-09-30,74
81,2000-10-07,89
81,2000-10-14,96
82,2000-09-30,89
82,2000-10-07,83
82,2000-10-14,63
82,2000-10-21,55
82,2000-10-28,49
82,2000-11-04,40
82,2000-11-11,33
82,2000-11-18,32
82,2000-11-25,30
82,2000-12-02,25
82,2000-12-09,22
82,2000-12-16,21
82,2000-12-23,24
82,2000-12-30,24
82,2001-01-06,24
82,2001-01-13,27
82,2001-01-20,25
82,2001-01-27,34
82,2001-02-03,32
82,2001-02-10,35
82,2001-02-17,41
82,2001-02-24,47
83,2000-07-29,83
83,2000-08-05,89
83,2000-08-12,57
83,2000-08-19,40
83,2000-08-26,34
83,2000-09-02,21
83,2000-09-09,33
83,2000-09-16,46
83,2000-09-23,45
83,2000-09-30,59
83,2000-10-07,67
83,2000-10-14,84
83,2000-10-21,95
84,1999-11-20,72
84,1999-11-27,53
84,1999-12-04,62
84,1999-12-11,46
84,1999-12-18,54
84,1999-12-25,44
84,2000-01-01,44
84,2000-01-08,21
84,2000-01-15,64
84,2000-01-22,92
84,2000-01-29,98
84,2000-02-05,98
85,2000-07-08,94
85,2000-07-15,90
85,2000-07-22,81
85,2000-07-29,64
85,2000-08-05,56
85,2000-08-12,43
85,2000-08-19,35
85,2000-08-26,27
85,2000-09-02,25
85,2000-09-09,22
85,2000-09-16,22
85,2000-09-23,27
85,2000-09-30,27
85,2000-10-07,27
85,2000-10-14,31
85,2000-10-21,31
85,2000-10-28,30
85,2000-11-04,34
85,2000-11-11,31
85,2000-11-18,34
85,2000-11-25,34
85,2000-12-02,38
85,2000-12-09,45
85,2000-12-16,50
86,2000-04-08,90
86,2000-04-15,77
86,2000-04-22,66
86,2000-04-29,61
86,2000-05-06,59
86,2000-05-13,47
86,2000-05-20,39
86,2000-05-27,33
86,2000-06-03,32
86,2000-06-10,31
86,2000-06-17,28
86,2000-06-24,27
86,2000-07-01,22
86,2000-07-08,27
86,2000-07-15,31
86,2000-07-22,39
86,2000-07-29,45
86,2000-08-05,50
86,2000-08-12,53
86,2000-08-19,59
87,1999-11-20,74
87,1999-11-27,66
87,1999-12-04,52
87,1999-12-11,39
87,1999-12-18,39
87,1999-12-25,39
87,2000-01-01,39
87,2000-01-08,46
87,2000-01-15,47
87,2000-01-22,54
87,2000-01-29,91
87,2000-02-05,28
87,2000-02-12,22
87,2000-02-19,33
87,2000-02-26,46
87,2000-03-04,70
87,2000-03-11,87
87,2000-03-18,93
88,2000-08-26,64
88,2000-09-02,55
88,2000-09-09,43
88,2000-09-16,41
88,2000-09-23,37
88,2000-09-30,31
88,2000-10-07,30
88,2000-10-14,29
88,2000-10-21,28
88,2000-10-28,26
88,2000-11-04,23
88,2000-11-11,23
88,2000-11-18,25
88,2000-11-25,32
88,2000-12-02,32
88,2000-12-09,37
88,2000-12-16,37
88,2000-12-23,41
88,2000-12-30,46
88,2001-01-06,48
88,2001-01-13,49
89,2000-04-29,62
89,2000-05-06,32
89,2000-05-13,30
89,2000-05-20,23
89,2000-05-27,26
89,2000-06-03,30
89,2000-06-10,35
89,2000-06-17,32
89,2000-06-24,32
89,2000-07-01,25
89,2000-07-08,23
89,2000-07-15,28
89,2000-07-22,27
89,2000-07-29,29
89,2000-08-05,27
89,2000-08-12,31
89,2000-08-19,31
89,2000-08-26,33
89,2000-09-02,40
89,2000-09-09,51
90,1999-10-16,71
90,1999-10-23,52
90,1999-10-30,51
90,1999-11-06,51
90,1999-11-13,51
90,1999-11-20,48
90,1999-11-27,41
90,1999-12-04,37
90,1999-12-11,29
90,1999-12-18,26
90,1999-12-25,26
90,2000-01-01,23
90,2000-01-08,30
90,2000-01-15,28
90,2000-01-22,27
90,2000-01-29,25
90,2000-02-05,31
90,2000-02-12,43
90,2000-02-19,56
90,2000-02-26,70
91,1999-10-09,84
91,1999-10-16,61
91,1999-10-23,45
91,1999-10-30,43
91,1999-11-06,40
91,1999-11-13,38
91,1999-11-20,36
91,1999-11-27,31
91,1999-12-04,34
91,1999-12-11,34
91,1999-12-18,40
91,1999-12-25,36
91,2000-01-01,36
91,2000-01-08,23
91,2000-01-15,41
91,2000-01-22,62
91,2000-01-29,70
91,2000-02-05,71
91,2000-02-12,79
91,2000-02-19,78
92,2000-05-27,78
92,2000-06-03,67
92,2000-06-10,58
92,2000-06-17,53
92,2000-06-24,46
92,2000-07-01,41
92,2000-07-08,32
92,2000-07-15,27
92,2000-07-22,26
92,2000-07-29,23
92,2000-08-05,26
92,2000-08-12,27
92,2000-08-19,32
92,2000-08-26,32
92,2000-09-02,44
92,2000-09-09,46
92,2000-09-16,47
92,2000-09-23,50
92,2000-09-30,52
92,2000-10-07,58
93,2000-08-12,61
93,2000-08-19,41
93,2000-08-26,28
93,2000-09-02,26
93,2000-09-09,23
93,2000-09-16,29
93,2000-09-23,30
93,2000-09-30,40
93,2000-10-07,66
93,2000-10-14,86
93,2000-10-21,100
94,2000-04-08,75
94,2000-04-15,58
94,2000-04-22,51
94,2000-04-29,36
94,2000-05-06,33
94,2000-05-13,31
94,2000-05-20,26
94,2000-05-27,24
94,2000-06-03,24
94,2000-06-10,29
94,2000-06-17,34
94,2000-06-24,39
94,2000-07-01,46
94,2000-07-08,47
94,2000-07-15,48
94,2000-07-22,49
94,2000-07-29,58
94,2000-08-05,63
94,2000-08-12,73
94,2000-08-19,87
95,2000-08-05,66
95,2000-08-12,66
95,2000-08-19,66
95,2000-08-26,61
95,2000-09-02,49
95,2000-09-09,42
95,2000-09-16,36
95,2000-09-23,33
95,2000-09-30,28
95,2000-10-07,24
95,2000-10-14,26
95,2000-10-21,26
95,2000-10-28,28
95,2000-11-04,29
95,2000-11-11,27
95,2000-11-18,31
95,2000-11-25,31
95,2000-12-02,26
95,2000-12-09,25
95,2000-12-16,25
95,2000-12-23,30
95,2000-12-30,40
95,2001-01-06,36
95,2001-01-13,41
96,2000-01-29,85
96,2000-02-05,68
96,2000-02-12,58
96,2000-02-19,44
96,2000-02-26,40
96,2000-03-04,33
96,2000-03-11,30
96,2000-03-18,29
96,2000-03-25,37
96,2000-04-01,29
96,2000-04-08,29
96,2000-04-15,24
96,2000-04-22,36
96,2000-04-29,46
96,2000-05-06,52
96,2000-05-13,61
96,2000-05-20,83
96,2000-05-27,93
96,2000-06-03,91
96,2000-06-10,89
97,2000-04-22,74
97,2000-04-29,58
97,2000-05-06,53
97,2000-05-13,42
97,2000-05-20,35
97,2000-05-27,31
97,2000-06-03,29
97,2000-06-10,25
97,2000-06-17,29
97,2000-06-24,26
97,2000-07-01,24
97,2000-07-08,33
97,2000-07-15,46
97,2000-07-22,48
97,2000-07-29,57
97,2000-08-05,62
97,2000-08-12,74
97,2000-08-19,82
97,2000-08-26,85
97,2000-09-02,87
98,2000-06-17,69
98,2000-06-24,63
98,2000-07-01,54
98,2000-07-08,50
98,2000-07-15,45
98,2000-07-22,42
98,2000-07-29,31
98,2000-08-05,28
98,2000-08-12,24
98,2000-08-19,34
98,2000-08-26,42
98,2000-09-02,53
98,2000-09-09,65
98,2000-09-16,66
98,2000-09-23,77
98,2000-09-30,94
98,2000-10-07,99
98,2000-11-11,93
98,2000-11-18,91
98,2000-11-25,91
98,2000-12-02,90
98,2000-12-09,89
98,2000-12-16,86
99,2000-01-22,75
99,2000-01-29,55
99,2000-02-05,47
99,2000-02-12,36
99,2000-02-19,36
99,2000-02-26,30
99,2000-03-04,30
99,2000-03-11,31
99,2000-03-18,26
99,2000-03-25,25
99,2000-04-01,25
99,2000-04-08,26
99,2000-04-15,26
99,2000-04-22,28
99,2000-04-29,34
99,2000-05-06,47
99,2000-05-13,58
99,2000-05-20,68
99,2000-05-27,80
99,2000-06-03,82
100,2000-01-22,77
100,2000-01-29,56
100,2000-02-05,35
100,2000-02-12,26
100,2000-02-19,25
100,2000-02-26,25
100,2000-03-04,28
100,2000-03-11,28
100,2000-03-18,31
100,2000-03-25,35
100,2000-04-01,39
100,2000-04-08,44
100,2000-04-15,51
100,2000-04-22,60
100,2000-04-29,73
100,2000-05-06,79
100,2000-05-13,94
101,2000-06-24,78
101,2000-07-01,67
101,2000-07-08,63
101,2000-07-15,54
101,2000-07-22,50
101,2000-07-29,44
101,2000-08-05,38
101,2000-08-12,30
101,2000-08-19,27
101,2000-08-26,25
101,2000-09-02,31
101,2000-09-09,28
101,2000-09-16,30
101,2000-09-23,28
101,2000-09-30,32
101,2000-10-07,35
101,2000-10-14,48
101,2000-10-21,46
101,2000-10-28,51
101,2000-11-04,59
102,2000-11-04,70
102,2000-11-11,62
102,2000-11-18,56
102,2000-11-25,43
102,2000-12-02,39
102,2000-12-09,33
102,2000-12-16,26
102,2000-12-23,26
102,2000-12-30,26
102,2001-01-06,31
102,2001-01-13,32
102,2001-01-20,31
102,2001-01-27,38
102,2001-02-03,38
102,2001-02-10,52
102,2001-02-17,57
102,2001-02-24,64
102,2001-03-03,73
102,2001-03-10,81
102,2001-03-17,79
103,2000-04-08,80
103,2000-04-15,80
103,2000-04-22,80
103,2000-04-29,79
103,2000-05-06,72
103,2000-05-13,73
103,2000-05-20,65
103,2000-05-27,64
103,2000-06-03,60
103,2000-06-10,60
103,2000-06-17,48
103,2000-06-24,48
103,2000-07-01,48
103,2000-07-08,43
103,2000-07-15,35
103,2000-07-22,32
103,2000-07-29,30
103,2000-08-05,32
103,2000-08-12,37
103,2000-08-19,26
103,2000-08-26,31
103,2000-09-02,28
103,2000-09-09,30
103,2000-09-16,32
103,2000-09-23,39
103,2000-09-30,35
104,2000-06-03,71
104,2000-06-10,65
104,2000-06-17,54
104,2000-06-24,54
104,2000-07-01,51
104,2000-07-08,41
104,2000-07-15,41
104,2000-07-22,33
104,2000-07-29,28
104,2000-08-05,31
104,2000-08-12,26
104,2000-08-19,28
104,2000-08-26,36
104,2000-09-02,39
104,2000-09-09,49
104,2000-09-16,58
104,2000-09-23,62
104,2000-09-30,65
104,2000-10-07,68
104,2000-10-14,68
105,2000-02-26,88
105,2000-03-04,74
105,2000-03-11,62
105,2000-03-18,56
105,2000-03-25,49
105,2000-04-01,44
105,2000-04-08,38
105,2000-04-15,32
105,2000-04-22,27
105,2000-04-29,27
105,2000-05-06,27
105,2000-05-13,27
105,2000-05-20,27
105,2000-05-27,28
105,2000-06-03,28
105,2000-06-10,33
105,2000-06-17,35
105,2000-06-24,42
105,2000-07-01,44
105,2000-07-08,46
105,2000-07-15,43
106,1999-11-27,79
106,1999-12-04,72
106,1999-12-11,70
106,1999-12-18,61
106,1999-12-25,52
106,2000-01-01,52
106,2000-01-08,52
106,2000-01-15,39
106,2000-01-22,31
106,2000-01-29,27
106,2000-02-05,27
106,2000-02-12,27
106,2000-02-19,31
106,2000-02-26,37
106,2000-03-04,40
106,2000-03-11,47
106,2000-03-18,51
106,2000-03-25,56
106,2000-04-01,59
106,2000-04-08,59
107,2000-10-21,73
107,2000-10-28,62
107,2000-11-04,56
107,2000-11-11,52
107,2000-11-18,46
107,2000-11-25,40
107,2000-12-02,36
107,2000-12-09,31
107,2000-12-16,27
107,2000-12-23,27
107,2000-12-30,28
107,2001-01-06,40
107,2001-01-13,33
107,2001-01-20,33
107,2001-01-27,39
107,2001-02-03,40
107,2001-02-10,48
107,2001-02-17,53
107,2001-02-24,58
107,2001-03-03,62
108,2000-08-19,97
108,2000-08-26,86
108,2000-09-02,79
108,2000-09-09,70
108,2000-09-16,63
108,2000-09-23,56
108,2000-09-30,50
108,2000-10-07,48
108,2000-10-14,51
108,2000-10-21,38
108,2000-10-28,33
108,2000-11-04,31
108,2000-11-11,28
108,2000-11-18,28
108,2000-11-25,28
108,2000-12-02,27
108,2000-12-09,29
108,2000-12-16,31
108,2000-12-23,37
108,2000-12-30,45
108,2001-01-06,49
108,2001-01-13,48
109,2000-04-08,79
109,2000-04-15,65
109,2000-04-22,53
109,2000-04-29,48
109,2000-05-06,45
109,2000-05-13,36
109,2000-05-20,34
109,2000-05-27,29
109,2000-06-03,27
109,2000-06-10,30
109,2000-06-17,36
109,2000-06-24,37
109,2000-07-01,39
109,2000-07-08,49
109,2000-07-15,57
109,2000-07-22,63
109,2000-07-29,65
109,2000-08-05,68
109,2000-08-12,79
109,2000-08-19,86
110,2000-02-19,69
110,2000-02-26,49
110,2000-03-04,49
110,2000-03-11,34
110,2000-03-18,34
110,2000-03-25,34
110,2000-04-01,30
110,2000-04-08,27
110,2000-04-15,36
110,2000-04-22,41
110,2000-04-29,53
110,2000-05-06,56
110,2000-05-13,80
110,2000-05-20,100
111,2000-02-19,83
111,2000-02-26,83
111,2000-03-04,83
111,2000-03-11,40
111,2000-03-18,28
111,2000-03-25,27
111,2000-04-01,28
111,2000-04-08,36
111,2000-04-15,53
111,2000-04-22,73
111,2000-04-29,82
112,1999-11-06,84
112,1999-11-13,70
112,1999-11-20,66
112,1999-11-27,60
112,1999-12-04,46
112,1999-12-11,37
112,1999-12-18,35
112,1999-12-25,35
112,2000-01-01,35
112,2000-01-08,32
112,2000-01-15,29
112,2000-01-22,29
112,2000-01-29,28
112,2000-02-05,32
112,2000-02-12,38
112,2000-02-19,48
112,2000-02-26,56
112,2000-03-04,59
112,2000-03-11,61
112,2000-03-18,66
113,2000-03-25,90
113,2000-04-01,76
113,2000-04-08,72
113,2000-04-15,54
113,2000-04-22,43
113,2000-04-29,37
113,2000-05-06,34
113,2000-05-13,28
113,2000-05-20,33
113,2000-05-27,30
113,2000-06-03,31
113,2000-06-10,39
113,2000-06-17,43
113,2000-06-24,53
113,2000-07-01,60
113,2000-07-08,70
113,2000-07-15,71
113,2000-07-22,76
113,2000-07-29,84
113,2000-08-05,94
114,2000-06-24,28
114,2000-07-01,34
114,2000-07-08,48
114,2000-07-15,62
114,2000-07-22,77
114,2000-07-29,90
114,2000-08-05,95
115,1999-11-27,85
115,1999-12-04,76
115,1999-12-11,71
115,1999-12-18,64
115,1999-12-25,54
115,2000-01-01,54
115,2000-01-08,55
115,2000-01-15,46
115,2000-01-22,38
115,2000-01-29,29
115,2000-02-05,29
115,2000-02-12,33
115,2000-02-19,32
115,2000-02-26,31
115,2000-03-04,36
115,2000-03-11,38
115,2000-03-18,39
115,2000-03-25,41
115,2000-04-01,46
115,2000-04-08,49
115,2000-04-15,48
116,2000-01-15,70
116,2000-01-22,64
116,2000-01-29,54
116,2000-02-05,40
116,2000-02-12,34
116,2000-02-19,29
116,2000-02-26,29
116,2000-03-04,32
116,2000-03-11,32
116,2000-03-18,37
116,2000-03-25,47
116,2000-04-01,49
116,2000-04-08,52
116,2000-04-15,60
116,2000-04-22,76
116,2000-04-29,80
116,2000-05-06,89
116,2000-05-13,97
116,2000-05-20,98
116,2000-05-27,100
117,2000-02-19,43
117,2000-02-26,35
117,2000-03-04,29
117,2000-03-11,29
117,2000-03-18,33
117,2000-03-25,32
117,2000-04-01,40
117,2000-04-08,58
117,2000-04-15,88
118,2000-04-22,81
118,2000-04-29,71
118,2000-05-06,65
118,2000-05-13,50
118,2000-05-20,41
118,2000-05-27,41
118,2000-06-03,36
118,2000-06-10,41
118,2000-06-17,38
118,2000-06-24,35
118,2000-07-01,33
118,2000-07-08,29
118,2000-07-15,36
118,2000-07-22,34
118,2000-07-29,34
118,2000-08-05,40
118,2000-08-12,42
118,2000-08-19,49
118,2000-08-26,55
118,2000-09-02,62
119,2000-10-14,71
119,2000-10-21,68
119,2000-10-28,52
119,2000-11-04,52
119,2000-11-11,45
119,2000-11-18,42
119,2000-11-25,39
119,2000-12-02,34
119,2000-12-09,34
119,2000-12-16,29
119,2000-12-23,36
119,2000-12-30,42
119,2001-01-06,55
119,2001-01-13,53
119,2001-01-20,57
119,2001-01-27,64
119,2001-02-03,72
119,2001-02-10,84
119,2001-02-17,83
119,2001-02-24,86
120,2000-06-10,78
120,2000-06-17,72
120,2000-06-24,66
120,2000-07-01,64
120,2000-07-08,56
120,2000-07-15,50
120,2000-07-22,47
120,2000-07-29,39
120,2000-08-05,37
120,2000-08-12,34
120,2000-08-19,30
120,2000-08-26,30
120,2000-09-02,35
120,2000-09-09,36
120,2000-09-16,37
120,2000-09-23,43
120,2000-09-30,54
120,2000-10-07,60
120,2000-10-14,61
120,2000-10-21,69
121,2000-05-27,58
121,2000-06-03,50
121,2000-06-10,43
121,2000-06-17,37
121,2000-06-24,31
121,2000-07-01,30
121,2000-07-08,39
121,2000-07-15,47
121,2000-07-22,55
121,2000-07-29,61
121,2000-08-05,76
121,2000-08-12,90
121,2000-08-19,93
121,2000-08-26,93
121,2000-09-02,100
122,2000-01-29,77
122,2000-02-05,72
122,2000-02-12,59
122,2000-02-19,53
122,2000-02-26,45
122,2000-03-04,43
122,2000-03-11,41
122,2000-03-18,36
122,2000-03-25,36
122,2000-04-01,32
122,2000-04-08,31
122,2000-04-15,31
122,2000-04-22,35
122,2000-04-29,35
122,2000-05-06,38
122,2000-05-13,43
122,2000-05-20,45
122,2000-05-27,51
122,2000-06-03,52
122,2000-06-10,54
123,2000-01-29,73
123,2000-02-05,64
123,2000-02-12,54
123,2000-02-19,45
123,2000-02-26,44
123,2000-03-04,44
123,2000-03-11,44
123,2000-03-18,41
123,2000-03-25,39
123,2000-04-01,34
123,2000-04-08,33
123,2000-04-15,33
123,2000-04-22,31
123,2000-04-29,33
123,2000-05-06,36
123,2000-05-13,39
123,2000-05-20,43
123,2000-05-27,49
123,2000-06-03,53
123,2000-06-10,62
124,2000-10-07,80
124,2000-10-14,70
124,2000-10-21,63
124,2000-10-28,56
124,2000-11-04,50
124,2000-11-11,49
124,2000-11-18,48
124,2000-11-25,46
124,2000-12-02,41
124,2000-12-09,40
124,2000-12-16,35
124,2000-12-23,31
124,2000-12-30,33
124,2001-01-06,44
124,2001-01-13,36
124,2001-01-20,35
124,2001-01-27,37
124,2001-02-03,43
124,2001-02-10,51
124,2001-02-17,54
125,2000-10-14,89
125,2000-10-21,83
125,2000-10-28,65
125,2000-11-04,55
125,2000-11-11,54
125,2000-11-18,54
125,2000-11-25,52
125,2000-12-02,44
125,2000-12-09,41
125,2000-12-16,34
125,2000-12-23,32
125,2000-12-30,31
125,2001-01-06,35
125,2001-01-13,34
125,2001-01-20,41
125,2001-01-27,41
125,2001-02-03,48
125,2001-02-10,54
125,2001-02-17,58
125,2001-02-24,68
126,1999-10-30,88
126,1999-11-06,76
126,1999-11-13,71
126,1999-11-20,71
126,1999-11-27,69
126,1999-12-04,63
126,1999-12-11,56
126,1999-12-18,51
126,1999-12-25,46
126,2000-01-01,46
126,2000-01-08,53
126,2000-01-15,43
126,2000-01-22,33
126,2000-01-29,31
126,2000-02-05,34
126,2000-02-12,41
126,2000-02-19,50
126,2000-02-26,60
126,2000-03-04,68
126,2000-03-11,71
127,2000-07-29,76
127,2000-08-05,69
127,2000-08-12,51
127,2000-08-19,42
127,2000-08-26,37
127,2000-09-02,32
127,2000-09-09,32
127,2000-09-16,34
127,2000-09-23,34
127,2000-09-30,38
127,2000-10-07,50
127,2000-10-14,53
127,2000-10-21,53
127,2000-10-28,63
127,2000-11-04,65
127,2000-11-11,72
127,2000-11-18,79
127,2000-11-25,84
127,2000-12-02,89
127,2000-12-09,90
128,1999-12-04,90
128,1999-12-11,84
128,1999-12-18,79
128,1999-12-25,67
128,2000-01-01,67
128,2000-01-08,39
128,2000-01-15,33
128,2000-01-22,32
128,2000-01-29,38
128,2000-02-05,38
128,2000-02-12,49
128,2000-02-19,51
128,2000-02-26,61
128,2000-03-04,61
128,2000-03-11,66
128,2000-03-18,88
128,2000-03-25,96
129,2000-06-10,91
129,2000-06-17,80
129,2000-06-24,75
129,2000-07-01,61
129,2000-07-08,60
129,2000-07-15,52
129,2000-07-22,45
129,2000-07-29,40
129,2000-08-05,36
129,2000-08-12,32
129,2000-08-19,37
129,2000-08-26,45
129,2000-09-02,68
129,2000-09-09,80
129,2000-09-16,80
129,2000-09-23,89
129,2000-09-30,96
130,2000-08-12,64
130,2000-08-19,58
130,2000-08-26,51
130,2000-09-02,51
130,2000-09-09,48
130,2000-09-16,45
130,2000-09-23,36
130,2000-09-30,33
130,2000-10-07,34
130,2000-10-14,34
130,2000-10-21,35
130,2000-10-28,34
130,2000-11-04,39
130,2000-11-11,44
130,2000-11-18,51
130,2000-11-25,58
130,2000-12-02,61
130,2000-12-09,84
130,2000-12-16,85
130,2000-12-23,87
131,2000-10-21,77
131,2000-10-28,71
131,2000-11-04,64
131,2000-11-11,57
131,2000-11-18,55
131,2000-11-25,51
131,2000-12-02,46
131,2000-12-09,44
131,2000-12-16,36
131,2000-12-23,39
131,2000-12-30,34
131,2001-01-06,46
131,2001-01-13,44
131,2001-01-20,36
131,2001-01-27,42
131,2001-02-03,53
131,2001-02-10,58
131,2001-02-17,74
131,2001-02-24,81
131,2001-03-03,86
132,2000-10-21,75
132,2000-10-28,67
132,2000-11-04,61
132,2000-11-11,58
132,2000-11-18,58
132,2000-11-25,53
132,2000-12-02,47
132,2000-12-09,47
132,2000-12-16,40
132,2000-12-23,34
132,2000-12-30,36
132,2001-01-06,45
132,2001-01-13,42
132,2001-01-20,45
132,2001-01-27,60
132,2001-02-03,70
132,2001-02-10,82
132,2001-02-17,88
132,2001-02-24,89
132,2001-03-03,92
133,1999-12-25,96
133,2000-01-01,96
133,2000-01-08,69
133,2000-01-15,74
133,2000-01-22,72
133,2000-01-29,62
133,2000-02-05,49
133,2000-02-12,45
133,2000-02-19,38
133,2000-02-26,34
133,2000-03-04,38
133,2000-03-11,45
133,2000-03-18,47
133,2000-03-25,58
133,2000-04-01,68
133,2000-04-08,88
133,2000-04-15,99
134,2000-01-08,94
134,2000-01-15,91
134,2000-01-22,57
134,2000-01-29,46
134,2000-02-05,46
134,2000-02-12,40
134,2000-02-19,34
134,2000-02-26,39
134,2000-03-04,42
134,2000-03-11,46
134,2000-03-18,50
134,2000-03-25,59
134,2000-04-01,66
134,2000-04-08,78
134,2000-04-15,87
134,2000-04-22,99
135,2000-01-29,84
135,2000-02-05,62
135,2000-02-12,51
135,2000-02-19,41
135,2000-02-26,38
135,2000-03-04,35
135,2000-03-11,35
135,2000-03-18,38
135,2000-03-25,38
135,2000-04-01,36
135,2000-04-08,37
135,2000-04-15,37
135,2000-04-22,38
135,2000-04-29,49
135,2000-05-06,61
135,2000-05-13,63
135,2000-05-20,62
135,2000-05-27,67
135,2000-06-03,83
135,2000-06-10,86
136,2000-09-09,81
136,2000-09-16,67
136,2000-09-23,64
136,2000-09-30,56
136,2000-10-07,45
136,2000-10-14,41
136,2000-10-21,41
136,2000-10-28,35
136,2000-11-04,35
136,2000-11-11,38
136,2000-11-18,37
136,2000-11-25,42
136,2000-12-02,45
136,2000-12-09,50
136,2000-12-16,57
136,2000-12-23,63
136,2000-12-30,62
136,2001-01-06,83
136,2001-01-13,74
136,2001-01-20,74
137,2000-08-26,99
137,2000-09-02,75
137,2000-09-09,57
137,2000-09-16,35
137,2000-09-23,35
137,2000-09-30,37
137,2000-10-07,43
137,2000-10-14,79
137,2000-10-21,51
137,2000-10-28,55
137,2000-11-04,67
137,2000-11-11,83
137,2000-11-18,86
137,2000-11-25,92
137,2000-12-02,100
138,2000-09-30,81
138,2000-10-07,81
138,2000-10-14,76
138,2000-10-21,67
138,2000-10-28,53
138,2000-11-04,46
138,2000-11-11,43
138,2000-11-18,38
138,2000-11-25,36
138,2000-12-02,35
138,2000-12-09,43
138,2000-12-16,41
138,2000-12-23,46
138,2000-12-30,51
138,2001-01-06,62
138,2001-01-13,58
138,2001-01-20,63
138,2001-01-27,70
138,2001-02-03,74
138,2001-02-10,79
139,1999-12-04,86
139,1999-12-11,66
139,1999-12-18,50
139,1999-12-25,42
139,2000-01-01,42
139,2000-01-08,40
139,2000-01-15,35
139,2000-01-22,46
139,2000-01-29,45
139,2000-02-05,54
139,2000-02-12,73
139,2000-02-19,89
140,2000-01-15,89
140,2000-01-22,55
140,2000-01-29,51
140,2000-02-05,43
140,2000-02-12,37
140,2000-02-19,37
140,2000-02-26,36
140,2000-03-04,39
140,2000-03-11,42
140,2000-03-18,46
140,2000-03-25,45
140,2000-04-01,52
140,2000-04-08,64
140,2000-04-15,74
140,2000-04-22,84
140,2000-04-29,90
140,2000-05-06,94
140,2000-05-13,99
141,2000-05-20,80
141,2000-05-27,75
141,2000-06-03,63
141,2000-06-10,59
141,2000-06-17,55
141,2000-06-24,49
141,2000-07-01,42
141,2000-07-08,42
141,2000-07-15,40
141,2000-07-22,40
141,2000-07-29,36
141,2000-08-05,43
141,2000-08-12,46
141,2000-08-19,54
141,2000-08-26,72
141,2000-09-02,84
141,2000-09-09,84
141,2000-09-16,86
141,2000-09-23,92
142,2000-06-24,76
142,2000-07-01,74
142,2000-07-08,68
142,2000-07-15,63
142,2000-07-22,57
142,2000-07-29,49
142,2000-08-05,44
142,2000-08-12,39
142,2000-08-19,39
142,2000-08-26,38
142,2000-09-02,37
142,2000-09-09,37
142,2000-09-16,40
142,2000-09-23,47
142,2000-09-30,62
142,2000-10-07,64
142,2000-10-14,75
142,2000-10-21,80
142,2000-10-28,84
142,2000-11-04,89
143,2000-03-11,81
143,2000-03-18,76
143,2000-03-25,69
143,2000-04-01,67
143,2000-04-08,62
143,2000-04-15,55
143,2000-04-22,52
143,2000-04-29,51
143,2000-05-06,51
143,2000-05-13,48
143,2000-05-20,47
143,2000-05-27,43
143,2000-06-03,42
143,2000-06-10,37
143,2000-06-17,41
143,2000-06-24,50
143,2000-07-01,69
143,2000-07-08,73
143,2000-07-15,77
143,2000-07-22,85
144,2000-07-01,50
144,2000-07-08,40
144,2000-07-15,39
144,2000-07-22,38
144,2000-07-29,38
144,2000-08-05,48
144,2000-08-12,52
144,2000-08-19,55
144,2000-08-26,80
144,2000-09-02,85
144,2000-09-09,88
144,2000-09-16,100
144,2000-09-23,98
145,2000-10-07,77
145,2000-10-14,74
145,2000-10-21,64
145,2000-10-28,61
145,2000-11-04,53
145,2000-11-11,48
145,2000-11-18,43
145,2000-11-25,38
145,2000-12-02,42
145,2000-12-09,38
145,2000-12-16,44
145,2000-12-23,49
145,2000-12-30,53
145,2001-01-06,61
145,2001-01-13,66
145,2001-01-20,68
145,2001-01-27,80
145,2001-02-03,85
145,2001-02-10,96
146,2000-05-06,87
146,2000-05-13,78
146,2000-05-20,72
146,2000-05-27,68
146,2000-06-03,66
146,2000-06-10,64
146,2000-06-17,58
146,2000-06-24,58
146,2000-07-01,56
146,2000-07-08,54
146,2000-07-15,49
146,2000-07-22,46
146,2000-07-29,46
146,2000-08-05,41
146,2000-08-12,38
146,2000-08-19,38
146,2000-08-26,47
146,2000-09-02,65
146,2000-09-09,72
146,2000-09-16,77
147,2000-04-15,81
147,2000-04-22,64
147,2000-04-29,54
147,2000-05-06,54
147,2000-05-13,46
147,2000-05-20,40
147,2000-05-27,40
147,2000-06-03,40
147,2000-06-10,38
147,2000-06-17,42
147,2000-06-24,57
147,2000-07-01,87
148,2000-06-17,86
148,2000-06-24,86
148,2000-07-01,82
148,2000-07-08,72
148,2000-07-15,65
148,2000-07-22,56
148,2000-07-29,56
148,2000-08-05,55
148,2000-08-12,44
148,2000-08-19,44
148,2000-08-26,43
148,2000-09-02,38
148,2000-09-09,40
148,2000-09-16,44
148,2000-09-23,61
148,2000-09-30,77
148,2000-10-07,85
148,2000-10-14,95
148,2000-10-21,97
149,1999-12-18,89
149,1999-12-25,80
149,2000-01-01,80
149,2000-01-08,80
149,2000-01-15,65
149,2000-01-22,47
149,2000-01-29,44
149,2000-02-05,42
149,2000-02-12,39
149,2000-02-19,39
149,2000-02-26,43
149,2000-03-04,41
149,2000-03-11,43
149,2000-03-18,45
149,2000-03-25,50
149,2000-04-01,58
149,2000-04-08,67
149,2000-04-15,78
149,2000-04-22,85
149,2000-04-29,91
150,2000-03-11,79
150,2000-03-18,72
150,2000-03-25,65
150,2000-04-01,65
150,2000-04-08,54
150,2000-04-15,46
150,2000-04-22,46
150,2000-04-29,43
150,2000-05-06,40
150,2000-05-13,40
150,2000-05-20,46
150,2000-05-27,54
150,2000-06-03,58
150,2000-06-10,66
150,2000-06-17,73
150,2000-06-24,82
150,2000-07-01,86
150,2000-07-08,84
150,2000-07-15,88
150,2000-07-22,91
151,2000-01-29,80
151,2000-02-05,73
151,2000-02-12,61
151,2000-02-19,61
151,2000-02-26,48
151,2000-03-04,48
151,2000-03-11,48
151,2000-03-18,48
151,2000-03-25,44
151,2000-04-01,42
151,2000-04-08,40
151,2000-04-15,40
151,2000-04-22,50
151,2000-04-29,66
151,2000-05-06,81
151,2000-05-13,93
151,2000-05-20,94
151,2000-05-27,99
151,2000-06-03,99
151,2000-06-10,100
152,2000-08-26,71
152,2000-09-02,67
152,2000-09-09,63
152,2000-09-16,56
152,2000-09-23,53
152,2000-09-30,48
152,2000-10-07,46
152,2000-10-14,46
152,2000-10-21,44
152,2000-10-28,40
152,2000-11-04,44
152,2000-11-11,46
152,2000-11-18,49
152,2000-11-25,56
152,2000-12-02,56
152,2000-12-09,71
152,2000-12-16,78
152,2000-12-23,88
152,2000-12-30,95
152,2001-01-13,97
153,1999-11-20,92
153,1999-11-27,76
153,1999-12-04,73
153,1999-12-11,58
153,1999-12-18,48
153,1999-12-25,48
153,2000-01-01,48
153,2000-01-08,48
153,2000-01-15,49
153,2000-01-22,40
153,2000-01-29,43
153,2000-02-05,51
153,2000-02-12,50
153,2000-02-19,57
153,2000-02-26,63
153,2000-03-04,64
153,2000-03-11,68
153,2000-03-18,82
153,2000-03-25,88
153,2000-04-01,95
154,2000-07-22,99
154,2000-07-29,92
154,2000-08-05,85
154,2000-08-12,76
154,2000-08-19,65
154,2000-08-26,54
154,2000-09-02,61
154,2000-09-09,58
154,2000-09-16,54
154,2000-09-23,54
154,2000-09-30,53
154,2000-10-07,53
154,2000-10-14,43
154,2000-10-21,40
154,2000-10-28,44
154,2000-11-04,41
154,2000-11-11,51
154,2000-11-18,65
154,2000-11-25,78
154,2000-12-02,84
155,2000-04-15,73
155,2000-04-22,65
155,2000-04-29,57
155,2000-05-06,57
155,2000-05-13,51
155,2000-05-20,48
155,2000-05-27,44
155,2000-06-03,43
155,2000-06-10,40
155,2000-06-17,45
155,2000-06-24,44
155,2000-07-01,53
155,2000-07-08,57
155,2000-07-15,68
155,2000-07-22,71
155,2000-07-29,81
155,2000-08-05,90
155,2000-08-12,94
155,2000-08-19,94
155,2000-08-26,95
156,2000-02-05,79
156,2000-02-12,69
156,2000-02-19,65
156,2000-02-26,58
156,2000-03-04,53
156,2000-03-11,52
156,2000-03-18,52
156,2000-03-25,48
156,2000-04-01,45
156,2000-04-08,43
156,2000-04-15,42
156,2000-04-22,42
156,2000-04-29,50
156,2000-05-06,60
156,2000-05-13,64
156,2000-05-20,75
156,2000-05-27,91
156,2000-06-03,93
156,2000-06-10,92
156,2000-06-17,90
157,1999-07-17,99
157,1999-07-24,99
157,1999-07-31,96
157,1999-08-07,96
157,1999-08-14,100
157,1999-08-21,93
157,1999-08-28,93
157,1999-09-04,96
157,1999-09-25,99
157,1999-10-09,96
157,1999-10-16,96
157,1999-10-23,99
157,1999-10-30,98
157,1999-11-06,98
157,1999-11-20,95
157,1999-11-27,88
157,1999-12-04,88
157,1999-12-11,79
157,1999-12-18,76
157,1999-12-25,69
157,2000-01-01,69
157,2000-01-08,59
157,2000-01-15,58
157,2000-01-22,58
157,2000-01-29,49
157,2000-02-05,44
157,2000-02-12,42
157,2000-02-19,46
157,2000-02-26,50
158,2000-08-26,74
158,2000-09-02,72
158,2000-09-09,66
158,2000-09-16,53
158,2000-09-23,52
158,2000-09-30,47
158,2000-10-07,47
158,2000-10-14,45
158,2000-10-21,42
158,2000-10-28,46
158,2000-11-04,51
158,2000-11-11,60
158,2000-11-18,68
158,2000-11-25,69
158,2000-12-02,78
158,2000-12-09,94
158,2000-12-16,87
158,2000-12-23,92
158,2000-12-30,97
158,2001-01-06,99
159,2000-07-15,78
159,2000-07-22,74
159,2000-07-29,70
159,2000-08-05,61
159,2000-08-12,59
159,2000-08-19,52
159,2000-08-26,48
159,2000-09-02,47
159,2000-09-09,45
159,2000-09-16,43
159,2000-09-23,44
159,2000-09-30,43
159,2000-10-07,52
159,2000-10-14,56
159,2000-10-21,70
159,2000-10-28,80
159,2000-11-04,86
159,2000-11-11,81
159,2000-11-18,85
159,2000-11-25,87
160,2000-03-18,91
160,2000-03-25,85
160,2000-04-01,75
160,2000-04-08,73
160,2000-04-15,67
160,2000-04-22,63
160,2000-04-29,63
160,2000-05-06,63
160,2000-05-13,56
160,2000-05-20,49
160,2000-05-27,48
160,2000-06-03,46
160,2000-06-10,44
160,2000-06-17,44
160,2000-06-24,43
160,2000-07-01,45
160,2000-07-08,53
160,2000-07-15,66
160,2000-07-22,73
160,2000-07-29,89
161,2000-03-04,78
161,2000-03-11,59
161,2000-03-18,53
161,2000-03-25,52
161,2000-04-01,47
161,2000-04-08,46
161,2000-04-15,43
161,2000-04-22,47
161,2000-04-29,47
161,2000-05-06,58
161,2000-05-13,54
161,2000-05-20,57
161,2000-05-27,70
161,2000-06-03,85
161,2000-06-10,84
161,2000-06-17,93
161,2000-06-24,97
162,1999-11-13,79
162,1999-11-20,73
162,1999-11-27,70
162,1999-12-04,64
162,1999-12-11,63
162,1999-12-18,57
162,1999-12-25,55
162,2000-01-01,55
162,2000-01-08,63
162,2000-01-15,52
162,2000-01-22,43
162,2000-01-29,47
162,2000-02-05,55
162,2000-02-12,78
162,2000-02-19,95
162,2000-02-26,100
162,2000-03-11,100
163,2000-02-19,87
163,2000-02-26,73
163,2000-03-04,62
163,2000-03-11,58
163,2000-03-18,58
163,2000-03-25,57
163,2000-04-01,51
163,2000-04-08,47
163,2000-04-15,44
163,2000-04-22,44
163,2000-04-29,44
163,2000-05-06,55
163,2000-05-13,53
163,2000-05-20,53
163,2000-05-27,63
163,2000-06-03,84
163,2000-06-10,85
163,2000-06-17,87
163,2000-06-24,95
163,2000-07-01,100
164,2000-08-05,75
164,2000-08-12,55
164,2000-08-19,53
164,2000-08-26,49
164,2000-09-02,46
164,2000-09-09,44
164,2000-09-16,49
164,2000-09-23,51
164,2000-09-30,51
164,2000-10-07,56
164,2000-10-14,52
164,2000-10-21,56
164,2000-10-28,70
164,2000-11-04,82
164,2000-11-11,86
164,2000-11-18,89
164,2000-11-25,93
164,2000-12-02,93
164,2000-12-09,99
165,2000-03-04,75
165,2000-03-11,67
165,2000-03-18,64
165,2000-03-25,64
165,2000-04-01,57
165,2000-04-08,53
165,2000-04-15,47
165,2000-04-22,45
165,2000-04-29,45
165,2000-05-06,50
165,2000-05-13,52
165,2000-05-20,56
165,2000-05-27,59
165,2000-06-03,78
165,2000-06-10,83
165,2000-06-17,84
165,2000-06-24,91
165,2000-07-01,96
165,2000-07-08,93
166,2000-11-04,75
166,2000-11-11,59
166,2000-11-18,59
166,2000-11-25,54
166,2000-12-02,50
166,2000-12-09,49
166,2000-12-16,47
166,2000-12-23,45
166,2000-12-30,49
166,2001-01-06,69
166,2001-01-13,63
166,2001-01-20,67
166,2001-01-27,77
166,2001-02-03,89
166,2001-02-10,99
167,2000-12-02,86
167,2000-12-09,48
167,2000-12-16,45
167,2000-12-23,52
167,2000-12-30,57
167,2001-01-06,58
167,2001-01-13,76
167,2001-01-20,95
167,2001-01-27,100
168,2000-01-08,77
168,2000-01-15,77
168,2000-01-22,89
168,2000-01-29,64
168,2000-02-05,57
168,2000-02-12,47
168,2000-02-19,47
168,2000-02-26,55
168,2000-03-04,65
168,2000-03-11,69
168,2000-03-18,83
168,2000-03-25,82
168,2000-04-01,90
168,2000-04-08,94
169,2000-06-10,75
169,2000-06-17,75
169,2000-06-24,67
169,2000-07-01,73
169,2000-07-08,64
169,2000-07-15,56
169,2000-07-22,54
169,2000-07-29,54
169,2000-08-05,54
169,2000-08-12,48
169,2000-08-19,47
169,2000-08-26,50
169,2000-09-02,60
169,2000-09-09,68
169,2000-09-16,73
169,2000-09-23,81
169,2000-09-30,92
169,2000-10-07,90
170,2000-11-25,77
170,2000-12-02,63
170,2000-12-09,61
170,2000-12-16,58
170,2000-12-23,54
170,2000-12-30,47
170,2001-01-06,53
170,2001-01-13,52
170,2001-01-20,49
170,2001-01-27,52
170,2001-02-03,60
170,2001-02-10,62
170,2001-02-17,69
170,2001-02-24,69
170,2001-03-03,63
170,2001-03-10,76
170,2001-03-17,87
170,2001-03-24,82
170,2001-03-31,91
170,2001-04-07,99
171,1999-12-11,94
171,1999-12-18,84
171,1999-12-25,71
171,2000-01-01,71
171,2000-01-08,60
171,2000-01-15,63
171,2000-01-22,48
171,2000-01-29,48
171,2000-02-05,48
171,2000-02-12,55
171,2000-02-19,64
171,2000-02-26,71
171,2000-03-04,85
171,2000-03-11,85
171,2000-03-18,92
172,2000-03-25,97
172,2000-04-01,97
172,2000-04-08,97
172,2000-04-15,90
172,2000-04-22,83
172,2000-04-29,78
172,2000-05-06,74
172,2000-05-13,69
172,2000-05-20,60
172,2000-05-27,56
172,2000-06-03,54
172,2000-06-10,50
172,2000-06-17,49
172,2000-06-24,55
172,2000-07-01,52
172,2000-07-08,51
172,2000-07-15,51
172,2000-07-22,62
172,2000-07-29,63
172,2000-08-05,83
173,2000-07-01,98
173,2000-07-08,95
173,2000-07-15,95
173,2000-07-22,87
173,2000-07-29,86
173,2000-08-05,79
173,2000-08-12,62
173,2000-08-19,60
173,2000-08-26,58
173,2000-09-02,57
173,2000-09-09,52
173,2000-09-16,55
173,2000-09-23,49
173,2000-09-30,57
173,2000-10-07,62
173,2000-10-14,65
173,2000-10-21,87
173,2000-10-28,89
173,2000-11-04,99
173,2000-11-11,100
174,2000-04-22,56
174,2000-04-29,56
174,2000-05-06,49
174,2000-05-13,59
174,2000-05-20,67
174,2000-05-27,60
174,2000-06-03,64
174,2000-06-10,73
174,2000-06-17,81
174,2000-06-24,90
174,2000-07-01,93
174,2000-07-08,89
174,2000-07-15,98
174,2000-07-22,94
174,2000-07-29,99
175,2000-05-13,49
175,2000-05-20,70
175,2000-05-27,84
175,2000-06-03,89
175,2000-06-10,93
175,2000-06-17,91
176,2000-04-15,85
176,2000-04-22,70
176,2000-04-29,65
176,2000-05-06,62
176,2000-05-13,55
176,2000-05-20,50
176,2000-05-27,50
176,2000-06-03,56
176,2000-06-10,61
176,2000-06-17,61
176,2000-06-24,72
176,2000-07-01,84
176,2000-07-08,81
176,2000-07-15,86
176,2000-07-22,86
176,2000-07-29,94
176,2000-08-05,97
177,2000-04-29,95
177,2000-05-06,88
177,2000-05-13,88
177,2000-05-20,82
177,2000-05-27,82
177,2000-06-03,77
177,2000-06-10,72
177,2000-06-17,67
177,2000-06-24,65
177,2000-07-01,65
177,2000-07-08,65
177,2000-07-15,60
177,2000-07-22,60
177,2000-07-29,53
177,2000-08-05,51
177,2000-08-12,50
177,2000-08-19,57
177,2000-08-26,77
177,2000-09-02,83
177,2000-09-09,89
178,2000-11-04,78
178,2000-11-11,67
178,2000-11-18,57
178,2000-11-25,57
178,2000-12-02,51
178,2000-12-09,51
178,2000-12-16,51
178,2000-12-23,57
178,2000-12-30,55
178,2001-01-06,70
178,2001-01-13,69
178,2001-01-20,77
178,2001-01-27,88
178,2001-02-03,93
178,2001-02-10,100
179,2000-05-13,89
179,2000-05-20,79
179,2000-05-27,79
179,2000-06-03,72
179,2000-06-10,69
179,2000-06-17,64
179,2000-06-24,61
179,2000-07-01,57
179,2000-07-08,55
179,2000-07-15,55
179,2000-07-22,52
179,2000-07-29,51
179,2000-08-05,53
179,2000-08-12,60
179,2000-08-19,81
179,2000-08-26,84
179,2000-09-02,93
179,2000-09-09,91
179,2000-09-16,94
179,2000-09-23,100
180,2000-02-19,79
180,2000-02-26,79
180,2000-03-04,66
180,2000-03-11,54
180,2000-03-18,54
180,2000-03-25,54
180,2000-04-01,54
180,2000-04-08,51
180,2000-04-15,61
180,2000-04-22,79
180,2000-04-29,96
180,2000-05-20,64
180,2000-05-27,74
180,2000-06-03,73
180,2000-06-10,79
180,2000-06-17,82
180,2000-06-24,96
181,2000-07-15,81
181,2000-07-22,80
181,2000-07-29,73
181,2000-08-05,73
181,2000-08-12,67
181,2000-08-19,64
181,2000-08-26,60
181,2000-09-02,59
181,2000-09-09,53
181,2000-09-16,51
181,2000-09-23,55
181,2000-09-30,66
181,2000-10-07,84
181,2000-10-14,90
181,2000-10-21,96
181,2000-10-28,100
182,2000-02-12,63
182,2000-02-19,55
182,2000-02-26,52
182,2000-03-04,51
182,2000-03-11,56
182,2000-03-18,74
182,2000-03-25,92
183,2000-09-02,82
183,2000-09-09,76
183,2000-09-16,74
183,2000-09-23,73
183,2000-09-30,73
183,2000-10-07,65
183,2000-10-14,59
183,2000-10-21,58
183,2000-10-28,54
183,2000-11-04,54
183,2000-11-11,53
183,2000-11-18,52
183,2000-11-25,55
183,2000-12-02,52
183,2000-12-09,57
183,2000-12-16,76
183,2000-12-23,91
183,2000-12-30,99
183,2001-01-13,91
183,2001-01-20,89
184,2000-06-17,74
184,2000-06-24,68
184,2000-07-01,68
184,2000-07-08,67
184,2000-07-15,59
184,2000-07-22,59
184,2000-07-29,60
184,2000-08-05,52
184,2000-08-12,54
184,2000-08-19,56
184,2000-08-26,59
184,2000-09-02,70
184,2000-09-09,69
184,2000-09-16,81
184,2000-09-23,87
184,2000-09-30,95
184,2000-10-07,98
184,2000-10-14,100
184,2000-10-28,97
185,2000-03-18,70
185,2000-03-25,62
185,2000-04-01,55
185,2000-04-08,55
185,2000-04-15,52
185,2000-04-22,57
185,2000-04-29,72
185,2000-05-06,80
185,2000-05-13,82
185,2000-05-20,92
185,2000-05-27,96
185,2000-06-03,98
186,1999-11-20,85
186,1999-11-27,77
186,1999-12-04,69
186,1999-12-11,69
186,1999-12-18,62
186,1999-12-25,56
186,2000-01-01,56
186,2000-01-08,64
186,2000-01-15,54
186,2000-01-22,53
186,2000-01-29,72
186,2000-02-05,83
186,2000-02-12,81
186,2000-02-19,88
186,2000-02-26,96
186,2000-03-04,93
186,2000-03-11,91
186,2000-03-18,89
186,2000-03-25,95
187,2000-01-29,83
187,2000-02-05,78
187,2000-02-12,71
187,2000-02-19,71
187,2000-02-26,66
187,2000-03-04,55
187,2000-03-11,53
187,2000-03-18,57
187,2000-03-25,61
187,2000-04-01,61
187,2000-04-08,61
187,2000-04-15,72
187,2000-04-22,93
188,2000-08-05,82
188,2000-08-12,78
188,2000-08-19,75
188,2000-08-26,69
188,2000-09-02,66
188,2000-09-09,62
188,2000-09-16,59
188,2000-09-23,58
188,2000-09-30,55
188,2000-10-07,55
188,2000-10-14,54
188,2000-10-21,62
188,2000-10-28,81
188,2000-11-04,95
188,2000-11-11,93
189,2000-10-21,72
189,2000-10-28,72
189,2000-11-04,63
189,2000-11-11,56
189,2000-11-18,62
189,2000-11-25,63
189,2000-12-02,54
189,2000-12-09,60
189,2000-12-16,69
189,2000-12-23,75
189,2000-12-30,84
189,2001-01-06,92
189,2001-01-13,85
189,2001-01-20,84
189,2001-01-27,95
190,2000-08-12,83
190,2000-08-19,83
190,2000-08-26,73
190,2000-09-02,73
190,2000-09-09,67
190,2000-09-16,60
190,2000-09-23,60
190,2000-09-30,60
190,2000-10-07,57
190,2000-10-14,55
190,2000-10-21,54
190,2000-10-28,69
190,2000-11-04,88
190,2000-11-11,91
191,1999-12-04,84
191,1999-12-11,68
191,1999-12-18,67
191,1999-12-25,63
191,2000-01-01,63
191,2000-01-08,54
191,2000-01-15,56
191,2000-01-22,59
191,2000-01-29,68
191,2000-02-05,67
191,2000-02-12,75
191,2000-02-19,90
192,2000-02-26,72
192,2000-03-04,58
192,2000-03-11,55
192,2000-03-18,55
192,2000-03-25,63
192,2000-04-01,74
192,2000-04-08,86
192,2000-04-15,92
193,2000-10-21,76
193,2000-10-28,76
193,2000-11-04,72
193,2000-11-11,69
193,2000-11-18,67
193,2000-11-25,65
193,2000-12-02,55
193,2000-12-09,59
193,2000-12-16,62
193,2000-12-23,61
193,2000-12-30,61
193,2001-01-06,59
193,2001-01-13,61
193,2001-01-20,66
193,2001-01-27,72
193,2001-02-03,76
193,2001-02-10,75
193,2001-02-17,67
193,2001-02-24,73
193,2001-03-03,70
194,2000-06-10,95
194,2000-06-17,85
194,2000-06-24,85
194,2000-07-01,85
194,2000-07-08,83
194,2000-07-15,83
194,2000-07-22,82
194,2000-07-29,74
194,2000-08-05,74
194,2000-08-12,68
194,2000-08-19,62
194,2000-08-26,56
194,2000-09-02,56
194,2000-09-09,55
194,2000-09-16,62
194,2000-09-23,71
194,2000-09-30,86
194,2000-10-07,100
194,2000-10-14,98
195,2000-04-01,79
195,2000-04-08,74
195,2000-04-15,68
195,2000-04-22,72
195,2000-04-29,69
195,2000-05-06,69
195,2000-05-13,62
195,2000-05-20,58
195,2000-05-27,57
195,2000-06-03,57
195,2000-06-10,56
195,2000-06-17,56
195,2000-06-24,56
195,2000-07-01,72
195,2000-07-08,80
195,2000-07-15,93
195,2000-07-22,95
196,1999-12-25,86
196,2000-01-01,86
196,2000-01-08,74
196,2000-01-15,66
196,2000-01-22,56
196,2000-01-29,60
196,2000-02-05,56
196,2000-02-12,60
196,2000-02-19,67
196,2000-02-26,69
196,2000-03-04,63
196,2000-03-11,73
196,2000-03-18,71
196,2000-03-25,81
196,2000-04-01,89
196,2000-04-08,98
196,2000-04-15,100
197,2000-02-26,93
197,2000-03-04,73
197,2000-03-11,60
197,2000-03-18,60
197,2000-03-25,60
197,2000-04-01,60
197,2000-04-08,63
197,2000-04-15,56
197,2000-04-22,58
197,2000-04-29,70
197,2000-05-06,71
197,2000-05-13,72
197,2000-05-20,90
197,2000-05-27,94
197,2000-06-03,94
197,2000-06-10,94
197,2000-06-17,94
197,2000-06-24,100
198,2000-02-05,82
198,2000-02-12,70
198,2000-02-19,70
198,2000-02-26,67
198,2000-03-04,57
198,2000-03-11,57
198,2000-03-18,61
198,2000-03-25,68
198,2000-04-01,82
199,2000-07-29,75
199,2000-08-05,71
199,2000-08-12,69
199,2000-08-19,69
199,2000-08-26,66
199,2000-09-02,64
199,2000-09-09,61
199,2000-09-16,61
199,2000-09-23,66
199,2000-09-30,64
199,2000-10-07,63
199,2000-10-14,60
199,2000-10-21,65
199,2000-10-28,66
199,2000-11-04,62
199,2000-11-11,66
199,2000-11-18,64
199,2000-11-25,64
199,2000-12-02,57
199,2000-12-09,72
200,2000-08-26,76
200,2000-09-02,76
200,2000-09-09,74
200,2000-09-16,69
200,2000-09-23,68
200,2000-09-30,67
200,2000-10-07,61
200,2000-10-14,58
200,2000-10-21,57
200,2000-10-28,59
200,2000-11-04,66
200,2000-11-11,68
200,2000-11-18,61
200,2000-11-25,67
200,2000-12-02,59
200,2000-12-09,63
200,2000-12-16,67
200,2000-12-23,71
200,2000-12-30,79
200,2001-01-06,89
201,2000-09-09,94
201,2000-09-16,87
201,2000-09-23,90
201,2000-09-30,90
201,2000-10-07,82
201,2000-10-14,67
201,2000-10-21,61
201,2000-10-28,57
201,2000-11-04,71
201,2000-11-11,78
201,2000-11-18,74
201,2000-11-25,81
201,2000-12-02,88
201,2000-12-09,96
201,2000-12-16,100
202,1999-12-25,79
202,2000-01-01,79
202,2000-01-08,70
202,2000-01-15,62
202,2000-01-22,60
202,2000-01-29,57
202,2000-02-05,61
202,2000-02-12,66
202,2000-02-19,60
202,2000-02-26,59
202,2000-03-04,60
202,2000-03-11,63
202,2000-03-18,79
202,2000-03-25,91
203,2000-08-12,81
203,2000-08-19,78
203,2000-08-26,67
203,2000-09-02,63
203,2000-09-09,60
203,2000-09-16,57
203,2000-09-23,63
203,2000-09-30,69
203,2000-10-07,78
203,2000-10-14,85
203,2000-10-21,92
203,2000-10-28,92
203,2000-11-11,99
203,2000-11-18,100
204,2000-05-13,76
204,2000-05-20,66
204,2000-05-27,66
204,2000-06-03,65
204,2000-06-10,63
204,2000-06-17,60
204,2000-06-24,60
204,2000-07-01,58
204,2000-07-08,58
204,2000-07-15,58
204,2000-07-22,58
204,2000-07-29,59
204,2000-08-05,70
204,2000-08-12,93
205,2000-06-24,79
205,2000-07-01,77
205,2000-07-08,74
205,2000-07-15,73
205,2000-07-22,66
205,2000-07-29,62
205,2000-08-05,58
205,2000-08-12,58
205,2000-08-19,61
205,2000-08-26,68
205,2000-09-02,71
205,2000-09-09,71
205,2000-09-16,79
205,2000-09-23,83
205,2000-09-30,85
205,2000-10-07,87
205,2000-10-14,83
205,2000-10-21,90
205,2000-10-28,87
205,2000-11-04,87
206,2000-08-26,87
206,2000-09-02,74
206,2000-09-09,59
206,2000-09-16,65
206,2000-09-23,59
206,2000-09-30,58
206,2000-10-07,59
206,2000-10-14,62
206,2000-10-21,89
206,2000-10-28,86
207,2000-03-25,74
207,2000-04-01,72
207,2000-04-08,68
207,2000-04-15,59
207,2000-04-22,59
207,2000-04-29,59
207,2000-05-06,67
207,2000-05-13,67
207,2000-05-20,63
207,2000-05-27,69
207,2000-06-03,75
207,2000-06-10,82
207,2000-06-17,79
207,2000-06-24,88
207,2000-07-01,95
207,2000-07-08,96
208,2000-07-15,75
208,2000-07-22,67
208,2000-07-29,66
208,2000-08-05,59
208,2000-08-12,63
208,2000-08-19,71
208,2000-08-26,78
208,2000-09-02,81
208,2000-09-09,78
208,2000-09-16,78
208,2000-09-23,84
208,2000-09-30,87
208,2000-10-07,94
208,2000-10-14,91
208,2000-10-21,93
208,2000-10-28,95
208,2000-11-04,100
208,2000-11-11,98
208,2000-11-18,96
208,2000-11-25,98
209,2000-02-12,65
209,2000-02-19,59
209,2000-02-26,62
209,2000-03-04,79
209,2000-03-11,99
210,2000-09-09,79
210,2000-09-16,75
210,2000-09-23,75
210,2000-09-30,75
210,2000-10-07,73
210,2000-10-14,64
210,2000-10-21,60
210,2000-10-28,60
210,2000-11-04,60
210,2000-11-11,63
210,2000-11-18,63
210,2000-11-25,82
210,2000-12-02,92
211,2000-11-04,68
211,2000-11-11,64
211,2000-11-18,60
211,2000-11-25,60
211,2000-12-02,62
211,2000-12-09,79
211,2000-12-16,93
212,2000-07-15,80
212,2000-07-22,72
212,2000-07-29,67
212,2000-08-05,60
212,2000-08-12,65
212,2000-08-19,73
212,2000-08-26,81
212,2000-09-02,86
212,2000-09-09,90
212,2000-09-16,97
213,2000-04-15,63
213,2000-04-22,61
213,2000-04-29,68
213,2000-05-06,73
213,2000-05-13,91
214,1999-12-25,97
214,2000-01-01,61
215,2000-06-10,71
215,2000-06-17,66
215,2000-06-24,62
215,2000-07-01,62
215,2000-07-08,62
215,2000-07-15,64
215,2000-07-22,65
215,2000-07-29,71
215,2000-08-05,81
215,2000-08-12,89
215,2000-08-19,95
215,2000-08-26,100
216,2000-04-01,73
216,2000-04-08,66
216,2000-04-15,62
216,2000-04-22,62
216,2000-04-29,76
216,2000-05-06,93
217,2000-04-01,87
217,2000-04-08,87
217,2000-04-15,94
217,2000-04-22,91
217,2000-04-29,75
217,2000-05-06,68
217,2000-05-13,65
217,2000-05-20,86
217,2000-05-27,62
217,2000-06-03,70
217,2000-06-10,74
217,2000-06-17,70
217,2000-06-24,70
217,2000-07-01,80
217,2000-07-08,82
217,2000-07-15,87
217,2000-07-22,90
217,2000-07-29,96
218,2000-03-04,81
218,2000-03-11,64
218,2000-03-18,62
218,2000-03-25,67
218,2000-04-01,70
218,2000-04-08,70
218,2000-04-15,75
218,2000-04-22,87
218,2000-04-29,89
218,2000-05-06,100
219,2000-08-05,77
219,2000-08-12,75
219,2000-08-19,63
219,2000-08-26,63
219,2000-09-02,69
219,2000-09-09,64
219,2000-09-16,68
219,2000-09-23,67
219,2000-09-30,72
219,2000-10-07,79
219,2000-10-14,78
219,2000-10-21,84
219,2000-10-28,85
219,2000-11-04,90
219,2000-11-11,89
219,2000-11-18,99
219,2000-11-25,100
220,1999-11-13,83
220,1999-11-20,80
220,1999-11-27,80
220,1999-12-04,75
220,1999-12-11,75
220,1999-12-18,73
220,1999-12-25,64
220,2000-01-01,64
220,2000-01-08,65
220,2000-01-15,67
220,2000-01-22,63
220,2000-01-29,67
220,2000-02-05,75
220,2000-02-12,85
220,2000-02-19,94
221,2000-09-23,91
221,2000-09-30,91
221,2000-10-07,91
221,2000-10-14,87
221,2000-10-21,86
221,2000-10-28,79
221,2000-11-04,79
221,2000-11-11,75
221,2000-11-18,70
221,2000-11-25,68
221,2000-12-02,64
221,2000-12-09,64
221,2000-12-16,68
221,2000-12-23,70
221,2000-12-30,74
221,2001-01-06,90
221,2001-01-13,86
221,2001-01-20,85
221,2001-01-27,93
221,2001-02-03,92
222,2000-09-30,80
222,2000-10-07,72
222,2000-10-14,66
222,2000-10-21,66
222,2000-10-28,64
222,2000-11-04,76
222,2000-11-11,65
222,2000-11-18,66
222,2000-11-25,75
222,2000-12-02,85
222,2000-12-09,97
223,2000-03-04,86
223,2000-03-11,78
223,2000-03-18,75
223,2000-03-25,72
223,2000-04-01,71
223,2000-04-08,69
223,2000-04-15,64
223,2000-04-22,75
223,2000-04-29,85
223,2000-05-06,98
224,2000-11-11,77
224,2000-11-18,73
224,2000-11-25,72
224,2000-12-02,66
224,2000-12-09,65
224,2000-12-16,65
224,2000-12-23,67
224,2000-12-30,73
224,2001-01-06,74
224,2001-01-13,78
224,2001-01-20,80
224,2001-01-27,86
224,2001-02-03,86
224,2001-02-10,91
224,2001-02-17,93
224,2001-02-24,96
224,2001-03-03,100
225,2000-02-19,77
225,2000-02-26,75
225,2000-03-04,71
225,2000-03-11,65
225,2000-03-18,65
225,2000-03-25,70
225,2000-04-01,69
225,2000-04-08,77
225,2000-04-15,79
225,2000-04-22,90
225,2000-04-29,92
225,2000-05-06,95
225,2000-05-13,100
226,2000-01-15,95
226,2000-01-22,68
226,2000-01-29,65
226,2000-02-05,65
226,2000-02-12,74
226,2000-02-19,84
226,2000-02-26,92
226,2000-03-04,96
226,2000-03-11,95
227,2000-04-29,84
227,2000-05-06,84
227,2000-05-13,75
227,2000-05-20,73
227,2000-05-27,73
227,2000-06-03,69
227,2000-06-10,68
227,2000-06-17,65
227,2000-06-24,73
227,2000-07-01,83
227,2000-07-08,92
228,2000-06-24,80
228,2000-07-01,79
228,2000-07-08,76
228,2000-07-15,72
228,2000-07-22,68
228,2000-07-29,68
228,2000-08-05,65
228,2000-08-12,70
228,2000-08-19,84
228,2000-08-26,91
229,2000-07-15,82
229,2000-07-22,69
229,2000-07-29,69
229,2000-08-05,64
229,2000-08-12,71
229,2000-08-19,79
229,2000-08-26,82
229,2000-09-02,89
230,2000-01-15,98
230,2000-01-22,76
230,2000-01-29,69
230,2000-02-05,69
230,2000-02-12,67
230,2000-02-19,73
230,2000-02-26,76
230,2000-03-04,90
230,2000-03-11,90
230,2000-03-18,94
230,2000-03-25,100
231,2000-03-11,76
231,2000-03-18,67
231,2000-03-25,71
231,2000-04-01,78
231,2000-04-08,89
232,2000-12-02,68
232,2000-12-09,68
232,2000-12-16,81
232,2000-12-23,94
232,2000-12-30,100
233,2000-04-15,97
233,2000-04-22,94
233,2000-04-29,77
233,2000-05-06,76
233,2000-05-13,68
233,2000-05-20,77
233,2000-05-27,89
233,2000-06-03,90
233,2000-06-17,100
234,2000-07-29,72
234,2000-08-05,72
234,2000-08-12,72
234,2000-08-19,77
234,2000-08-26,79
234,2000-09-02,77
234,2000-09-09,75
234,2000-09-16,84
234,2000-09-23,85
234,2000-09-30,79
234,2000-10-07,74
234,2000-10-14,69
234,2000-10-21,74
234,2000-10-28,75
234,2000-11-04,77
234,2000-11-11,71
234,2000-11-18,78
234,2000-11-25,89
234,2000-12-02,97
235,2000-09-02,80
235,2000-09-09,73
235,2000-09-16,70
235,2000-09-23,70
235,2000-09-30,70
235,2000-10-07,69
235,2000-10-14,72
235,2000-10-21,79
235,2000-10-28,90
235,2000-11-04,97
235,2000-11-11,95
235,2000-11-18,93
236,2000-02-19,86
236,2000-02-26,81
236,2000-03-04,72
236,2000-03-11,70
236,2000-03-18,69
236,2000-03-25,77
237,2000-11-25,74
237,2000-12-02,71
237,2000-12-09,70
237,2000-12-16,70
237,2000-12-23,77
237,2000-12-30,78
237,2001-01-06,91
237,2001-01-13,89
237,2001-01-20,92
238,2000-09-16,82
238,2000-09-23,76
238,2000-09-30,76
238,2000-10-07,70
238,2000-10-14,82
238,2000-10-21,81
238,2000-10-28,74
238,2000-11-04,80
238,2000-11-11,76
238,2000-11-18,76
238,2000-11-25,73
238,2000-12-02,74
238,2000-12-09,87
238,2000-12-16,83
238,2000-12-23,89
238,2000-12-30,93
238,2001-01-06,94
238,2001-01-13,94
238,2001-01-20,91
238,2001-01-27,90
239,2000-06-17,71
239,2000-06-24,71
239,2000-07-01,71
239,2000-07-08,71
239,2000-07-15,70
239,2000-07-22,75
239,2000-07-29,77
239,2000-08-05,88
239,2000-08-12,91
240,1999-12-11,93
240,1999-12-18,77
240,1999-12-25,75
240,2000-01-01,70
240,2000-01-08,91
241,2000-03-25,78
241,2000-04-01,77
241,2000-04-08,71
241,2000-04-15,71
241,2000-04-22,71
241,2000-04-29,83
241,2000-05-06,90
241,2000-05-13,90
241,2000-05-20,93
242,2000-09-16,98
242,2000-09-23,93
242,2000-09-30,93
242,2000-10-07,93
242,2000-10-14,88
242,2000-10-21,88
242,2000-10-28,82
242,2000-11-04,81
242,2000-11-11,73
242,2000-11-18,71
242,2000-11-25,71
242,2000-12-02,72
242,2000-12-09,85
242,2000-12-16,91
243,2000-01-22,71
243,2000-01-29,71
243,2000-02-05,81
243,2000-02-12,82
243,2000-02-19,96
244,2000-09-09,82
244,2000-09-16,71
244,2000-09-23,79
244,2000-09-30,83
244,2000-10-07,96
244,2000-10-14,99
244,2000-10-21,78
244,2000-10-28,78
244,2000-11-04,83
244,2000-11-11,79
244,2000-11-18,77
244,2000-11-25,76
244,2000-12-02,79
244,2000-12-09,81
244,2000-12-16,88
244,2000-12-23,85
244,2000-12-30,86
244,2001-01-06,79
244,2001-01-13,87
244,2001-01-20,93
245,1999-12-04,99
245,1999-12-11,89
245,1999-12-18,92
245,1999-12-25,84
245,2000-01-01,84
245,2000-01-08,72
245,2000-01-15,81
245,2000-01-22,81
245,2000-01-29,86
245,2000-02-05,87
245,2000-02-12,95
246,2000-02-26,87
246,2000-03-04,82
246,2000-03-11,72
246,2000-03-18,77
246,2000-03-25,87
246,2000-04-01,94
246,2000-04-08,99
247,2000-10-28,73
247,2000-11-04,73
247,2000-11-11,74
247,2000-11-18,80
247,2000-11-25,90
247,2000-12-02,96
248,2000-02-12,100
248,2000-02-19,98
248,2000-02-26,89
248,2000-03-04,80
248,2000-03-11,75
248,2000-03-18,73
248,2000-03-25,80
248,2000-04-01,86
248,2000-04-08,91
248,2000-04-15,96
248,2000-04-22,100
248,2000-04-29,98
248,2000-05-06,96
249,1999-12-04,94
249,1999-12-11,88
249,1999-12-18,85
249,1999-12-25,78
249,2000-01-01,78
249,2000-01-08,73
249,2000-01-15,84
249,2000-01-22,86
249,2000-01-29,90
249,2000-02-05,97
249,2000-02-12,96
250,2000-03-18,86
250,2000-03-25,73
250,2000-04-01,80
250,2000-04-08,84
250,2000-04-15,91
250,2000-04-22,97
250,2000-04-29,97
251,2000-03-18,95
251,2000-03-25,94
251,2000-04-01,91
251,2000-04-08,85
251,2000-04-15,84
251,2000-04-22,78
251,2000-04-29,74
251,2000-05-06,78
251,2000-05-13,85
251,2000-05-20,89
251,2000-05-27,97
251,2000-06-03,96
251,2000-06-10,99
251,2000-06-17,99
252,1999-12-04,95
252,1999-12-11,95
252,1999-12-18,94
252,1999-12-25,94
252,2000-01-01,94
252,2000-01-08,95
252,2000-01-15,82
252,2000-01-22,74
252,2000-01-29,79
252,2000-02-05,92
252,2000-02-12,98
253,2000-02-12,86
253,2000-02-19,81
253,2000-02-26,78
253,2000-03-04,76
253,2000-03-11,74
253,2000-03-18,80
253,2000-03-25,86
253,2000-04-01,93
253,2000-04-08,95
253,2000-04-15,95
254,2000-04-29,86
254,2000-05-06,83
254,2000-05-13,77
254,2000-05-20,74
254,2000-05-27,83
254,2000-06-03,79
254,2000-06-10,88
254,2000-06-17,95
255,2000-01-29,75
255,2000-02-05,74
255,2000-02-12,87
256,2000-04-22,96
256,2000-04-29,87
256,2000-05-06,75
256,2000-05-13,79
256,2000-05-20,81
256,2000-05-27,81
256,2000-06-03,76
256,2000-06-10,76
256,2000-06-17,78
256,2000-06-24,84
256,2000-07-01,90
256,2000-07-08,88
256,2000-07-15,94
256,2000-07-22,98
256,2000-07-29,100
257,2000-06-17,98
257,2000-06-24,88
257,2000-07-01,93
257,2000-07-08,92
257,2000-07-15,85
257,2000-07-22,85
257,2000-07-29,84
257,2000-08-05,80
257,2000-08-12,80
257,2000-08-19,80
257,2000-08-26,80
257,2000-09-02,75
257,2000-09-09,78
257,2000-09-16,86
257,2000-09-23,99
258,2000-11-25,79
258,2000-12-02,75
258,2000-12-09,77
258,2000-12-16,86
258,2000-12-23,86
258,2000-12-30,89
258,2001-01-20,96
258,2001-01-27,96
258,2001-02-03,96
259,2000-12-16,75
259,2000-12-23,82
259,2000-12-30,88
259,2001-01-06,96
259,2001-01-13,99
259,2001-01-20,99
260,2000-01-01,93
260,2000-01-08,75
260,2000-01-15,92
261,2000-10-21,99
261,2000-10-28,94
261,2000-11-04,94
261,2000-11-11,87
261,2000-11-18,84
261,2000-11-25,83
261,2000-12-02,76
261,2000-12-09,76
261,2000-12-16,79
261,2000-12-23,83
261,2000-12-30,91
262,2000-01-29,81
262,2000-02-05,77
262,2000-02-12,76
262,2000-02-19,76
262,2000-02-26,86
262,2000-03-04,88
262,2000-03-11,92
262,2000-03-18,99
263,2000-05-13,86
263,2000-05-20,84
263,2000-05-27,88
263,2000-06-03,81
263,2000-06-10,81
263,2000-06-17,76
263,2000-06-24,81
263,2000-07-01,81
263,2000-07-08,78
263,2000-07-15,84
263,2000-07-22,83
263,2000-07-29,82
263,2000-08-05,87
263,2000-08-12,88
263,2000-08-19,91
263,2000-08-26,94
263,2000-09-02,98
263,2000-09-09,95
263,2000-09-16,89
263,2000-09-23,95
264,2000-08-12,98
264,2000-08-19,100
264,2000-08-26,98
264,2000-09-02,94
264,2000-09-09,83
264,2000-09-16,83
264,2000-09-23,80
264,2000-09-30,78
264,2000-10-07,76
264,2000-10-14,77
264,2000-10-21,85
264,2000-10-28,91
264,2000-11-04,93
264,2000-11-11,88
264,2000-11-18,94
265,1999-11-13,94
265,1999-11-20,94
265,1999-11-27,94
265,1999-12-04,87
265,1999-12-11,77
265,1999-12-18,77
265,1999-12-25,83
265,2000-01-01,82
265,2000-01-08,82
265,2000-01-15,92
265,2000-01-22,76
265,2000-01-29,95
266,2000-03-18,84
266,2000-03-25,83
266,2000-04-01,83
266,2000-04-08,76
266,2000-04-15,86
266,2000-04-22,86
266,2000-04-29,88
266,2000-05-06,97
267,2000-02-26,95
267,2000-03-04,92
267,2000-03-11,82
267,2000-03-18,78
267,2000-03-25,76
267,2000-04-01,88
267,2000-04-08,100
267,2000-04-15,93
268,2000-01-22,80
268,2000-01-29,78
268,2000-02-05,76
268,2000-02-12,77
268,2000-02-19,92
269,2000-01-08,97
269,2000-01-15,97
269,2000-01-22,83
269,2000-01-29,94
269,2000-02-05,84
269,2000-02-12,88
269,2000-02-19,85
269,2000-02-26,82
269,2000-03-04,77
269,2000-03-11,77
269,2000-03-18,85
269,2000-03-25,89
270,2000-05-20,95
270,2000-05-27,87
270,2000-06-03,80
270,2000-06-10,80
270,2000-06-17,77
270,2000-06-24,87
270,2000-07-01,91
270,2000-07-08,91
270,2000-07-15,100
271,2000-06-10,77
272,2000-07-08,79
272,2000-07-15,79
272,2000-07-22,79
272,2000-07-29,78
272,2000-08-05,78
272,2000-08-12,87
272,2000-08-19,89
272,2000-08-26,88
272,2000-09-02,95
272,2000-09-09,93
272,2000-09-16,91
272,2000-09-23,94
272,2000-09-30,98
273,2000-03-04,87
273,2000-03-11,83
273,2000-03-18,81
273,2000-03-25,79
273,2000-04-01,81
273,2000-04-08,96
274,2000-09-23,97
274,2000-09-30,97
274,2000-10-07,97
274,2000-10-14,92
274,2000-10-21,91
274,2000-10-28,88
274,2000-11-04,85
274,2000-11-11,80
274,2000-11-18,82
274,2000-11-25,80
274,2000-12-02,80
274,2000-12-09,89
274,2000-12-16,95
275,2000-11-18,87
275,2000-11-25,86
275,2000-12-02,81
275,2000-12-09,92
275,2000-12-16,80
275,2000-12-23,80
275,2000-12-30,82
275,2001-01-06,84
275,2001-01-13,82
275,2001-01-20,81
275,2001-01-27,85
275,2001-02-03,91
276,2000-09-23,82
276,2000-09-30,82
276,2000-10-07,86
276,2000-10-14,80
276,2000-10-21,82
276,2000-10-28,83
276,2000-11-04,84
276,2000-11-11,82
276,2000-11-18,88
276,2000-11-25,94
276,2000-12-02,95
277,2000-04-01,85
277,2000-04-08,83
277,2000-04-15,83
277,2000-04-22,82
277,2000-04-29,81
277,2000-05-06,91
278,2000-05-20,99
278,2000-05-27,95
278,2000-06-03,87
278,2000-06-10,87
278,2000-06-17,83
278,2000-06-24,83
278,2000-07-01,89
278,2000-07-08,87
278,2000-07-15,92
278,2000-07-22,92
278,2000-07-29,97
279,2000-10-28,98
279,2000-11-04,98
279,2000-11-11,97
279,2000-11-18,90
279,2000-11-25,85
279,2000-12-02,83
279,2000-12-09,83
279,2000-12-16,97
279,2000-12-23,98
280,2000-10-14,94
280,2000-10-21,94
280,2000-10-28,96
280,2000-11-04,91
280,2000-11-11,84
280,2000-11-18,83
280,2000-11-25,88
280,2000-12-02,87
280,2000-12-09,95
280,2000-12-16,92
281,2000-02-05,85
281,2000-02-12,83
281,2000-02-19,100
281,2000-02-26,98
281,2000-03-04,97
281,2000-03-11,96
282,2000-03-25,84
282,2000-04-01,84
282,2000-04-08,93
282,2000-04-15,98
283,2000-09-16,90
283,2000-09-23,86
283,2000-09-30,84
283,2000-10-07,88
283,2000-10-14,97
284,2000-08-05,96
284,2000-08-12,84
284,2000-08-19,88
284,2000-08-26,96
285,2000-05-13,87
285,2000-05-20,85
285,2000-05-27,90
285,2000-06-03,92
286,2000-06-24,94
286,2000-07-01,88
286,2000-07-08,86
286,2000-07-15,91
286,2000-07-22,89
286,2000-07-29,87
286,2000-08-05,99
287,2000-09-02,91
287,2000-09-09,87
287,2000-09-16,92
288,2000-07-08,98
288,2000-07-15,96
288,2000-07-22,93
288,2000-07-29,93
288,2000-08-05,93
288,2000-08-12,92
288,2000-08-19,92
288,2000-08-26,92
288,2000-09-02,90
288,2000-09-09,92
288,2000-09-16,88
288,2000-09-23,88
288,2000-09-30,88
288,2000-10-07,95
288,2000-10-14,93
288,2000-10-21,98
288,2000-10-28,93
288,2000-11-04,92
288,2000-11-11,90
288,2000-11-18,97
289,2000-07-15,89
289,2000-07-22,88
289,2000-07-29,88
289,2000-08-05,91
289,2000-08-12,95
290,1999-12-04,91
290,1999-12-11,91
290,1999-12-18,90
290,1999-12-25,95
290,2000-01-01,95
290,2000-01-08,99
290,2000-01-15,96
290,2000-01-22,96
290,2000-01-29,92
290,2000-02-05,88
290,2000-02-12,89
290,2000-02-19,93
290,2000-02-26,91
290,2000-03-04,91
290,2000-03-11,89
290,2000-03-18,90
290,2000-03-25,93
290,2000-04-01,100
291,2000-03-04,95
291,2000-03-11,88
291,2000-03-18,98
292,2000-06-03,97
292,2000-06-10,97
292,2000-06-17,89
292,2000-06-24,89
292,2000-07-01,94
292,2000-07-08,90
292,2000-07-15,99
292,2000-07-22,97
292,2000-07-29,98
293,2000-03-25,98
293,2000-04-01,98
293,2000-04-08,92
293,2000-04-15,89
293,2000-04-22,92
293,2000-04-29,93
294,2000-08-19,96
294,2000-08-26,89
294,2000-09-02,92
294,2000-09-09,96
294,2000-09-16,96
295,1999-11-27,99
295,1999-12-04,100
295,1999-12-11,98
295,1999-12-18,99
295,1999-12-25,99
295,2000-01-01,99
295,2000-01-08,98
295,2000-01-15,90
295,2000-01-22,99
295,2000-01-29,97
295,2000-02-05,91
295,2000-02-12,97
296,2000-01-01,98
296,2000-01-08,100
296,2000-01-15,100
296,2000-01-22,90
296,2000-01-29,93
296,2000-02-05,94
297,2000-11-11,92
297,2000-11-18,92
297,2000-11-25,95
297,2000-12-02,91
297,2000-12-09,91
297,2000-12-16,94
297,2000-12-23,100
298,2000-05-13,92
298,2000-05-20,91
298,2000-05-27,98
298,2000-06-03,100
299,2000-06-17,92
299,2000-06-24,92
299,2000-07-01,97
299,2000-07-08,100
300,2000-03-18,100
300,2000-03-25,99
300,2000-04-01,99
300,2000-04-22,98
300,2000-04-29,94
300,2000-05-06,92
300,2000-05-13,95
300,2000-05-20,96
301,2000-04-01,92
301,2000-04-22,95
301,2000-06-17,97
302,2000-09-09,97
302,2000-09-16,93
302,2000-09-23,96
302,2000-09-30,100
303,2000-08-12,100
303,2000-08-19,99
303,2000-08-26,97
303,2000-09-02,97
303,2000-09-09,100
303,2000-09-16,95
303,2000-09-23,99
304,2000-07-08,97
304,2000-07-15,97
304,2000-07-22,96
304,2000-07-29,95
304,2000-08-05,100
305,2000-11-11,96
305,2000-11-18,95
305,2000-11-25,99
305,2000-12-02,99
305,2000-12-09,100
306,2000-12-23,96
306,2000-12-30,96
306,2001-01-06,100
307,2000-03-04,100
307,2000-03-11,97
307,2000-03-18,97
308,2000-12-02,98
308,2000-12-09,98
308,2000-12-16,98
309,2000-12-30,98
309,2001-01-06,98
310,2000-08-12,99
310,2000-08-19,98
311,2000-11-18,98
312,2000-08-05,98
313,2000-02-12,99
313,2000-02-19,99
313,2000-02-26,99
313,2000-03-04,99
314,2000-09-02,99
314,2000-09-09,99
315,2000-07-01,99
315,2000-07-08,99
316,2000-10-28,99
